2002-2003,West-Ham-United
Player,Nationality,Position,Game,Games Starts,Assists,Goals,Minutes,Minutes 90s,Yellow Card,Red Card,Link,Player_id,Player_name
﻿David James,eng ENG,GK,38,38,0,0,"3,420",38.0,0,0,/en/players/86841dfb/David-James,86841dfb,David-Jam
Trevor Sinclair,eng ENG,MF,38,36,1,8,"3,205",35.6,2,0,/en/players/d2f7373c/Trevor-Sinclair,d2f7373c,Trevor-Sinclai
Joe Cole,eng ENG,MF,36,36,3,4,"3,202",35.6,10,0,/en/players/2c2f117b/Joe-Cole,2c2f117b,Joe-Co
Tomáš Řepka,cz CZE,DF,32,32,0,0,"2,755",30.6,11,1,/en/players/d1494d48/Tomas-Repka,d1494d48,Tomas-Repk
Jermain Defoe,eng ENG,FW,38,29,6,8,"2,812",31.2,3,0,/en/players/f1e8372d/Jermain-Defoe,f1e8372d,Jermain-Defo
Michael Carrick,eng ENG,MF,30,28,2,1,"2,533",28.1,4,0,/en/players/ab7263c1/Michael-Carrick,b7263c1,Michael-Carrick
Steve Lomas,nir NIR,MF,29,27,2,0,"2,251",25.0,3,1,/en/players/9e58673a/Steve-Lomas,9e58673a,Steve-Lom
Ian Pearce,eng ENG,DF,30,26,1,2,"2,333",25.9,2,1,/en/players/3537c18f/Ian-Pearce,3537c18f,Ian-Pearc
Christian Dailly,sct SCO,DF,26,23,1,0,"2,086",23.2,3,0,/en/players/0210c453/Christian-Dailly,0210c453,Christian-Dai
Édouard Cissé,fr FRA,MF,25,18,0,0,"1,553",17.3,6,0,/en/players/4fe329a7/Edouard-Cisse,4fe329a7,Edouard-Ci
Nigel Winterburn,eng ENG,DF,18,16,0,0,"1,412",15.7,2,0,/en/players/0672e24e/Nigel-Winterburn,0672e24e,Nigel-Winterbu
Paolo Di Canio,it ITA,FW,18,16,3,9,"1,365",15.2,2,0,/en/players/9bbe0ecf/Paolo-Di-Canio,9bbe0ecf,Paolo-Di-Canio
Les Ferdinand,eng ENG,FW,25,16,1,4,"1,268",14.1,2,0,/en/players/aad47f5a/Les-Ferdinand,d47f5a,Les-Ferdinand
Sébastien Schemmel,fr FRA,DF,16,15,2,0,"1,358",15.1,2,0,/en/players/3a12ed68/Sebastien-Schemmel,3a12ed68,Sebastien-Schemm
Glen Johnson,eng ENG,DF,15,14,2,0,"1,287",14.3,3,0,/en/players/8cceca90/Glen-Johnson,8cceca90,Glen-Johnso
Frédéric Kanouté,ml MLI,FW,17,12,1,5,"1,130",12.6,1,1,/en/players/1a24d5b6/Frederic-Kanoute,1a24d5b6,Frederic-Kanout
Rufus Brevett,eng ENG,DF,13,12,0,0,"1,096",12.2,3,0,/en/players/e7ebaace/Rufus-Brevett,7ebaace,Rufus-Brevett
Lee Bowyer,eng ENG,MF,10,10,0,0,867,9.6,4,0,/en/players/f4fd57ba/Lee-Bowyer,f4fd57ba,Lee-Bow
Gary Breen,ie IRL,DF,14,9,0,0,860,9.6,1,0,/en/players/9922c8b8/Gary-Breen,9922c8b8,Gary-B
Scott Minto,eng ENG,DF,12,9,0,0,834,9.3,3,0,/en/players/8cd0120b/Scott-Minto,8cd0120b,Scott-Minto
Don Hutchison,sct SCO,MF,10,0,1,0,119,1.3,0,0,/en/players/158494ce/Don-Hutchison,158494ce,Don-Hutchiso
John Moncur,eng ENG,MF,7,0,0,0,66,0.7,1,0,/en/players/e982f824/John-Moncur,982f824,John-Moncu
Titi Camara,gn GUI,FW,4,0,0,0,62,0.7,0,0,/en/players/9a0eee14/Titi-Camara,9a0eee14,Titi-Cam
Vladimír Labant,sk SVK,DF,1,0,0,0,19,0.2,0,0,/en/players/4841987f/Vladimir-Labant,4841987f,Vladimir-Labant
﻿2003-2004,West-Ham-United
Player,Nationality,Position,Game,Games Starts,Assists,Goals,Minutes,Minutes 90s,Yellow Card,Red Card,Link,Player_id,Player_name
﻿Christian Dailly,sct SCO,DF,43,43,1,2,"3,870",43.0,4,0,/en/players/0210c453/Christian-Dailly,0210c453,Christian-Dai
Tomáš Řepka,cz CZE,DF,40,40,1,0,"3,521",39.1,14,0,/en/players/d1494d48/Tomas-Repka,d1494d48,Tomas-Repk
David Connolly,ie IRL,FW,39,37,3,10,"3,002",33.4,8,1,/en/players/3783ae20/David-Connolly,3783ae20,David-Conno
Michael Carrick,eng ENG,MF,35,34,4,1,"3,074",34.2,1,0,/en/players/ab7263c1/Michael-Carrick,b7263c1,Michael-Carrick
Matthew Etherington,eng ENG,MF,35,34,8,5,"2,909",32.3,3,1,/en/players/ef616df9/Matthew-Etherington,f616df9,Matthew-Etheringto
Marlon Harewood,eng ENG,FW,28,28,2,13,"2,333",25.9,1,0,/en/players/34dab521/Marlon-Harewood,34dab521,Marlon-Harewood
David James,eng ENG,GK,27,27,0,0,"2,430",27.0,0,0,/en/players/86841dfb/David-James,86841dfb,David-Jam
Hayden Mullins,eng ENG,MF,27,27,1,0,"2,324",25.8,2,0,/en/players/0e5ae692/Hayden-Mullins,0e5ae692,Hayden-Mulli
Ian Pearce,eng ENG,DF,24,24,0,1,"2,150",23.9,2,0,/en/players/3537c18f/Ian-Pearce,3537c18f,Ian-Pearc
Kevin Horlock,nir NIR,MF,27,23,1,1,"2,079",23.1,7,0,/en/players/2bd566d6/Kevin-Horlock,2bd566d6,Kevin-Horlock
Wayne Quinn,eng ENG,DF,22,22,2,0,"1,791",19.9,3,0,/en/players/3611e81e/Wayne-Quinn,3611e81e,Wayne-Qui
Jermain Defoe,eng ENG,FW,19,19,2,11,"1,572",17.5,5,3,/en/players/f1e8372d/Jermain-Defoe,f1e8372d,Jermain-Defo
Stephen Bywater,eng ENG,GK,17,17,0,0,"1,502",16.7,0,0,/en/players/aaa3d97b/Stephen-Bywater,3d97b,Stephen-Bywat
Bobby Zamora,eng ENG,FW,17,15,2,5,"1,315",14.6,2,0,/en/players/7ddb3563/Bobby-Zamora,7ddb3563,Bobby-Zamo
Jon Harley,eng ENG,DF,15,15,0,1,"1,308",14.5,1,0,/en/players/1c85d7f3/Jon-Harley,1c85d7f3,Jon-H
Nigel Reo-Coker,eng ENG,MF,15,13,0,2,"1,145",12.7,2,0,/en/players/110d0643/Nigel-Reo-Coker,110d0643,Nigel-Reo-Cok
Rob Lee,eng ENG,MF,16,12,0,0,"1,069",11.9,0,0,/en/players/291b2178/Rob-Lee,291b2178,Rob-L
Andy Melville,wls WAL,"DF,MF",14,11,0,0,"1,034",11.5,1,0,/en/players/d65253c8/Andy-Melville,d65253c8,Andy-Melvi
Don Hutchison,sct SCO,MF,24,10,1,4,"1,152",12.8,3,0,/en/players/158494ce/Don-Hutchison,158494ce,Don-Hutchiso
Brian Deane,eng ENG,FW,26,9,1,7,961,10.7,4,0,/en/players/909a4bb4/Brian-Deane,909a4bb4,Brian-D
Anton Ferdinand,eng ENG,DF,19,9,0,0,884,9.8,1,0,/en/players/d1891093/Anton-Ferdinand,d1891093,Anton-Ferdinand
Neil Mellor,eng ENG,FW,16,8,0,2,713,7.9,0,0,/en/players/f18d8642/Neil-Mellor,f18d8642,Neil-Mello
Niclas Alexandersson,se SWE,MF,8,5,0,0,513,5.7,0,0,/en/players/8fce0898/Niclas-Alexandersson,8fce0898,Niclas-Alexandersso
Robbie Stockdale,sct SCO,DF,7,5,0,0,452,5.0,1,0,/en/players/7d0a8842/Robbie-Stockdale,7d0a8842,Robbie-Stockd
Steve Lomas,nir NIR,MF,5,5,0,0,450,5.0,0,0,/en/players/9e58673a/Steve-Lomas,9e58673a,Steve-Lom
Jobi McAnuff,jm JAM,MF,12,4,1,1,406,4.5,1,0,/en/players/0f602616/Jobi-McAnuff,0f602616,Jobi-McAnuff
Adam Nowland,eng ENG,MF,11,2,1,0,320,3.6,1,0,/en/players/77e3a71b/Adam-Nowland,77e3a71b,Adam-Nowland
Richard Garcia,au AUS,"FW,MF",7,2,0,0,290,3.2,0,0,/en/players/c3ae2db4/Richard-Garcia,c3ae2db4,Richard-Garci
Pavel Srníček,cz CZE,GK,3,2,0,0,208,2.3,0,0,/en/players/db13a630/Pavel-Srnicek,db13a630,Pavel-Srnicek
Rufus Brevett,eng ENG,DF,2,2,0,0,120,1.3,1,0,/en/players/e7ebaace/Rufus-Brevett,7ebaace,Rufus-Brevett
Chris Cohen,eng ENG,"DF,MF",7,1,0,0,184,2.0,2,0,/en/players/7562a0ba/Chris-Cohen,7562a0ba,Chris-Coh
Matthew Kilgallon,eng ENG,DF,3,1,0,0,180,2.0,0,0,/en/players/7c6a3c44/Matthew-Kilgallon,7c6a3c44,Matthew-Kilgallo
David Noble,eng ENG,MF,3,0,0,0,24,0.3,0,0,/en/players/80406167/David-Noble,80406167,David-Nob
﻿2004-2005,West-Ham-United
Player,Nationality,Position,Game,Games Starts,Assists,Goals,Minutes,Minutes 90s,Yellow Card,Red Card,Link,Player_id,Player_name
﻿Marlon Harewood,eng ENG,FW,45,45,8,17,"3,903",43.4,8,1,/en/players/34dab521/Marlon-Harewood,34dab521,Marlon-Harewood
Tomáš Řepka,cz CZE,DF,42,42,1,1,"3,720",41.3,6,1,/en/players/d1494d48/Tomas-Repka,d1494d48,Tomas-Repk
Matthew Etherington,eng ENG,MF,39,37,10,4,"3,052",33.9,0,0,/en/players/ef616df9/Matthew-Etherington,f616df9,Matthew-Etheringto
Stephen Bywater,eng ENG,GK,36,36,0,0,"3,240",36.0,1,0,/en/players/aaa3d97b/Stephen-Bywater,3d97b,Stephen-Bywat
Chris Powell,eng ENG,DF,36,35,2,0,"3,166",35.2,1,0,/en/players/721060d9/Chris-Powell,721060d9,Chris-Pow
Nigel Reo-Coker,eng ENG,MF,39,34,2,3,"3,181",35.3,10,0,/en/players/110d0643/Nigel-Reo-Coker,110d0643,Nigel-Reo-Cok
Shaun Newton,eng ENG,MF,35,32,1,1,"2,831",31.5,1,0,/en/players/75de93be/Shaun-Newton,75de93be,Shaun-Newto
Hayden Mullins,eng ENG,MF,37,32,1,1,"2,774",30.8,4,1,/en/players/0e5ae692/Hayden-Mullins,0e5ae692,Hayden-Mulli
Teddy Sheringham,eng ENG,FW,33,26,3,20,"2,442",27.1,1,0,/en/players/4e56eef6/Teddy-Sheringham,4e56eef6,Teddy-Sheringham
Carl Fletcher,wls WAL,MF,32,26,1,2,"2,392",26.6,6,0,/en/players/0c427217/Carl-Fletcher,0c427217,Carl-Fletch
Anton Ferdinand,eng ENG,DF,29,24,0,1,"2,196",24.4,1,0,/en/players/d1891093/Anton-Ferdinand,d1891093,Anton-Ferdinand
Luke Chadwick,eng ENG,MF,32,22,4,1,"1,866",20.7,2,0,/en/players/9c35f696/Luke-Chadwick,9c35f696,Luke-Chadwick
Steve Lomas,nir NIR,MF,23,18,0,1,"1,724",19.2,2,1,/en/players/9e58673a/Steve-Lomas,9e58673a,Steve-Lom
Malky Mackay,sct SCO,DF,18,17,0,2,"1,502",16.7,1,0,/en/players/d565039b/Malky-Mackay,d565039b,Malky-Mack
Bobby Zamora,eng ENG,FW,34,15,4,7,"1,551",17.2,4,0,/en/players/7ddb3563/Bobby-Zamora,7ddb3563,Bobby-Zamo
Serhiy Rebrov,ua UKR,"FW,MF",26,12,1,1,"1,064",11.8,3,0,/en/players/493b0ae2/Serhiy-Rebrov,493b0ae2,Serhiy-Rebrov
Mark Noble,eng ENG,MF,13,10,1,0,945,10.5,2,0,/en/players/ff527768/Mark-Noble,ff527768,Mark-Nob
Elliott Ward,eng ENG,DF,11,10,1,0,903,10.0,3,0,/en/players/58e98028/Elliott-Ward,58e98028,Elliott-Ward
Calum Davenport,eng ENG,DF,10,10,0,0,900,10.0,1,0,/en/players/8f59901c/Calum-Davenport,8f59901c,Calum-Davenport
Jimmy Walker,eng ENG,GK,10,10,0,0,900,10.0,1,0,/en/players/c7f9899b/Jimmy-Walker,c7f9899b,Jimmy-Walk
Rufus Brevett,eng ENG,DF,10,10,0,1,865,9.6,3,1,/en/players/e7ebaace/Rufus-Brevett,7ebaace,Rufus-Brevett
Gavin Williams,wls WAL,MF,10,7,0,1,561,6.2,2,0,/en/players/ea4150fd/Gavin-Williams,4150fd,Gavin-William
Darren Powell,eng ENG,DF,5,5,0,1,440,4.9,1,0,/en/players/a86b61bb/Darren-Powell,86b61bb,Darren-Pow
Don Hutchison,sct SCO,MF,5,2,0,0,218,2.4,2,0,/en/players/158494ce/Don-Hutchison,158494ce,Don-Hutchiso
Christian Dailly,sct SCO,DF,3,2,0,0,181,2.0,1,0,/en/players/0210c453/Christian-Dailly,0210c453,Christian-Dai
Chris Cohen,eng ENG,"DF,MF",11,1,0,0,208,2.3,0,1,/en/players/7562a0ba/Chris-Cohen,7562a0ba,Chris-Coh
Mauricio Taricco,ar ARG,DF,1,1,0,0,27,0.3,0,0,/en/players/efad718d/Mauricio-Taricco,fad718d,Mauricio-Taricco
﻿2005-2006,West-Ham-United
Player,Nationality,Position,Game,Games Starts,Assists,Goals,Minutes,Minutes 90s,Yellow Card,Red Card,Link,Player_id,Player_name
﻿Paul Konchesky,eng ENG,"DF,FW",37,36,4,1,"3,222",35.8,4,1,/en/players/941bcf75/Paul-Konchesky,941bcf75,Paul-Konchesk
Hayden Mullins,eng ENG,MF,35,35,0,0,"2,960",32.9,2,1,/en/players/0e5ae692/Hayden-Mullins,0e5ae692,Hayden-Mulli
Matthew Etherington,eng ENG,MF,33,33,5,2,"2,772",30.8,1,0,/en/players/ef616df9/Matthew-Etherington,f616df9,Matthew-Etheringto
Anton Ferdinand,eng ENG,DF,33,32,2,2,"2,884",32.0,5,0,/en/players/d1891093/Anton-Ferdinand,d1891093,Anton-Ferdinand
Marlon Harewood,eng ENG,FW,37,31,4,14,"2,841",31.6,5,0,/en/players/34dab521/Marlon-Harewood,34dab521,Marlon-Harewood
Nigel Reo-Coker,eng ENG,MF,31,31,4,5,"2,730",30.3,3,0,/en/players/110d0643/Nigel-Reo-Coker,110d0643,Nigel-Reo-Cok
Danny Gabbidon,wls WAL,DF,32,31,0,0,"2,720",30.2,2,0,/en/players/90148433/Danny-Gabbidon,90148433,Danny-Gabbido
Yossi Benayoun,il ISR,MF,34,30,6,5,"2,704",30.0,3,0,/en/players/8414bb13/Yossi-Benayoun,8414bb13,Yossi-Benayou
Roy Carroll,nir NIR,GK,19,19,0,0,"1,710",19.0,2,0,/en/players/0e880937/Roy-Carroll,0e880937,Roy-Carro
Tomáš Řepka,cz CZE,DF,19,19,0,0,"1,550",17.2,4,0,/en/players/d1494d48/Tomas-Repka,d1494d48,Tomas-Repk
Bobby Zamora,eng ENG,FW,34,17,6,6,"1,624",18.0,0,0,/en/players/7ddb3563/Bobby-Zamora,7ddb3563,Bobby-Zamo
Shaka Hislop,tt TRI,GK,16,16,0,0,"1,410",15.7,0,0,/en/players/7f44f7dd/Shaka-Hislop,7f44f7dd,Shaka-Hislo
Teddy Sheringham,eng ENG,FW,26,15,3,6,"1,460",16.2,5,0,/en/players/4e56eef6/Teddy-Sheringham,4e56eef6,Teddy-Sheringham
James Collins,wls WAL,DF,14,13,0,2,"1,134",12.6,0,0,/en/players/c61f1719/James-Collins,c61f1719,James-Colli
Lionel Scaloni,ar ARG,"DF,MF",13,13,0,0,"1,123",12.5,3,0,/en/players/6cc4990c/Lionel-Scaloni,6cc4990c,Lionel-Scaloni
Dean Ashton,eng ENG,FW,11,9,0,3,680,7.6,0,0,/en/players/093e333b/Dean-Ashton,093e333b,Dean-Ashto
Shaun Newton,eng ENG,MF,26,8,0,1,893,9.9,2,0,/en/players/75de93be/Shaun-Newton,75de93be,Shaun-Newto
Christian Dailly,sct SCO,DF,21,6,1,0,839,9.3,4,0,/en/players/0210c453/Christian-Dailly,0210c453,Christian-Dai
Carl Fletcher,wls WAL,MF,12,6,0,1,672,7.5,2,0,/en/players/0c427217/Carl-Fletcher,0c427217,Carl-Fletch
Mark Noble,eng ENG,MF,5,4,0,0,325,3.6,2,0,/en/players/ff527768/Mark-Noble,ff527768,Mark-Nob
Jimmy Walker,eng ENG,GK,3,3,0,0,270,3.0,0,0,/en/players/c7f9899b/Jimmy-Walker,c7f9899b,Jimmy-Walk
Elliott Ward,eng ENG,DF,4,3,0,0,232,2.6,0,0,/en/players/58e98028/Elliott-Ward,58e98028,Elliott-Ward
David Bellion,fr FRA,FW,8,2,0,0,215,2.4,0,0,/en/players/a901d685/David-Bellion,901d685,David-Bellio
Yaniv Katan,il ISR,"FW,MF",6,2,0,0,152,1.7,1,0,/en/players/a4c83431/Yaniv-Katan,4c83431,Yaniv-Kat
Clive Clarke,ie IRL,DF,2,2,,0,120,1.3,0,0,/en/players/e278af17/Clive-Clarke,278af17,Clive-Clark
Jérémie Aliadière,fr FRA,"FW,MF",7,1,0,0,177,2.0,0,0,/en/players/68ef3d96/Jeremie-Aliadiere,68ef3d96,Jeremie-Aliadi
Kyel Reid,eng ENG,MF,2,1,,0,96,1.1,0,0,/en/players/33cce752/Kyel-Reid,33cce752,Kyel-Reid
Stephen Bywater,eng ENG,GK,1,0,0,0,30,0.3,0,0,/en/players/aaa3d97b/Stephen-Bywater,3d97b,Stephen-Bywat
﻿2006-2007,West-Ham-United
Player,Nationality,Position,Game,Games Starts,Assists,Goals,Minutes,Minutes 90s,Yellow Card,Red Card,Link,Player_id,Player_name
﻿Nigel Reo-Coker,eng ENG,MF,35,35,1,1,"3,088",34.3,13,0,/en/players/110d0643/Nigel-Reo-Coker,110d0643,Nigel-Reo-Cok
Lucas Neill,au AUS,DF,31,31,5,0,"2,700",30.0,10,1,/en/players/b6cf046f/Lucas-Neill,b6cf046f,Lucas-Nei
Anton Ferdinand,eng ENG,DF,31,31,1,0,"2,651",29.5,5,0,/en/players/d1891093/Anton-Ferdinand,d1891093,Anton-Ferdinand
Bobby Zamora,eng ENG,FW,32,27,3,11,"2,164",24.0,4,1,/en/players/7ddb3563/Bobby-Zamora,7ddb3563,Bobby-Zamo
Robert Green,eng ENG,GK,26,26,0,0,"2,340",26.0,0,0,/en/players/a350680b/Robert-Green,350680b,Robert-G
Yossi Benayoun,il ISR,MF,29,25,3,3,"2,270",25.2,4,0,/en/players/8414bb13/Yossi-Benayoun,8414bb13,Yossi-Benayou
Matthew Etherington,eng ENG,MF,27,24,1,0,"2,024",22.5,2,0,/en/players/ef616df9/Matthew-Etherington,f616df9,Matthew-Etheringto
Paul Konchesky,eng ENG,"DF,FW",22,22,2,0,"1,966",21.8,7,1,/en/players/941bcf75/Paul-Konchesky,941bcf75,Paul-Konchesk
Hayden Mullins,eng ENG,MF,30,21,0,2,"2,068",23.0,4,0,/en/players/0e5ae692/Hayden-Mullins,0e5ae692,Hayden-Mulli
Luís Boa Morte,pt POR,"FW,MF",29,20,3,1,"1,876",20.8,3,0,/en/players/59ab6332/Luis-Boa-Morte,59ab6332,Luis-Boa-Mort
Marlon Harewood,eng ENG,FW,32,19,1,3,"1,755",19.5,5,0,/en/players/34dab521/Marlon-Harewood,34dab521,Marlon-Harewood
Carlos Tevez,ar ARG,"FW,MF",26,19,3,7,"1,696",18.8,4,0,/en/players/c1a26d43/Carlos-Tevez,c1a26d43,Carlos-Tevez
Danny Gabbidon,wls WAL,DF,18,18,0,0,"1,553",17.3,1,0,/en/players/90148433/Danny-Gabbidon,90148433,Danny-Gabbido
Lee Bowyer,eng ENG,MF,20,18,1,0,"1,436",16.0,5,0,/en/players/f4fd57ba/Lee-Bowyer,f4fd57ba,Lee-Bow
Jonathan Spector,us USA,"DF,MF",25,17,0,0,"1,782",19.8,5,0,/en/players/3670bd5c/Jonathan-Spector,3670bd5c,Jonathan-Specto
George McCartney,nir NIR,DF,22,16,2,0,"1,456",16.2,4,0,/en/players/f6c4946d/George-McCartney,f6c4946d,George-McCart
James Collins,wls WAL,DF,16,16,0,0,"1,361",15.1,4,0,/en/players/c61f1719/James-Collins,c61f1719,James-Colli
Roy Carroll,nir NIR,GK,12,12,0,0,"1,080",12.0,1,0,/en/players/0e880937/Roy-Carroll,0e880937,Roy-Carro
Christian Dailly,sct SCO,DF,14,10,0,0,994,11.0,1,0,/en/players/0210c453/Christian-Dailly,0210c453,Christian-Dai
Mark Noble,eng ENG,MF,10,10,0,2,839,9.3,2,0,/en/players/ff527768/Mark-Noble,ff527768,Mark-Nob
Nigel Quashie,sct SCO,MF,7,7,,0,610,6.8,2,0,/en/players/9b9a2d62/Nigel-Quashie,9b9a2d62,Nigel-Quashi
Carlton Cole,eng ENG,FW,17,5,1,2,533,5.9,2,0,/en/players/51b2effb/Carlton-Cole,51b2effb,Carlton-Co
Calum Davenport,eng ENG,DF,6,5,1,0,529,5.9,1,0,/en/players/8f59901c/Calum-Davenport,8f59901c,Calum-Davenport
Teddy Sheringham,eng ENG,FW,17,4,0,2,611,6.8,3,0,/en/players/4e56eef6/Teddy-Sheringham,4e56eef6,Teddy-Sheringham
John Paintsil,gh GHA,"DF,MF",5,3,0,0,343,3.8,1,0,/en/players/2def72a3/John-Paintsil,2def72a3,John-Paintsi
Tyrone Mears,jm JAM,DF,5,3,,0,215,2.4,1,0,/en/players/6f34d0b5/Tyrone-Mears,6f34d0b5,Tyrone-M
Matthew Upson,eng ENG,DF,2,2,,0,39,0.4,0,0,/en/players/1a6e6d03/Matthew-Upson,1a6e6d03,Matthew-Upso
Kepa Blanco,es ESP,FW,8,1,0,1,169,1.9,0,0,/en/players/e021d831/Kepa-Blanco,021d831,Kepa-Blanco
Shaun Newton,eng ENG,MF,3,0,,0,101,1.1,0,0,/en/players/75de93be/Shaun-Newton,75de93be,Shaun-Newto
﻿2007-2008,West-Ham-United
Player,Nationality,Position,Game,Games Starts,Assists,Goals,Minutes,Minutes 90s,Yellow Card,Red Card,Link,Player_id,Player_name
﻿Robert Green,eng ENG,GK,38,38,0,0,"3,420",38.0,2,0,/en/players/a350680b/Robert-Green,350680b,Robert-G
George McCartney,nir NIR,DF,38,38,4,1,"3,225",35.8,4,0,/en/players/f6c4946d/George-McCartney,f6c4946d,George-McCart
Lucas Neill,au AUS,DF,34,34,2,0,"3,060",34.0,5,0,/en/players/b6cf046f/Lucas-Neill,b6cf046f,Lucas-Nei
Hayden Mullins,eng ENG,MF,34,32,0,0,"2,803",31.1,3,0,/en/players/0e5ae692/Hayden-Mullins,0e5ae692,Hayden-Mulli
Matthew Upson,eng ENG,DF,29,29,0,1,"2,582",28.7,2,0,/en/players/1a6e6d03/Matthew-Upson,1a6e6d03,Matthew-Upso
Mark Noble,eng ENG,MF,31,25,3,3,"2,289",25.4,6,0,/en/players/ff527768/Mark-Noble,ff527768,Mark-Nob
Anton Ferdinand,eng ENG,DF,25,22,0,2,"1,894",21.0,1,0,/en/players/d1891093/Anton-Ferdinand,d1891093,Anton-Ferdinand
Freddie Ljungberg,se SWE,"FW,MF",25,22,3,2,"1,853",20.6,3,0,/en/players/5d9e8825/Freddie-Ljungberg,5d9e8825,Freddie-Ljungberg
Carlton Cole,eng ENG,FW,31,21,7,4,"1,892",21.0,9,0,/en/players/51b2effb/Carlton-Cole,51b2effb,Carlton-Co
Dean Ashton,eng ENG,FW,31,20,0,10,"2,000",22.2,0,0,/en/players/093e333b/Dean-Ashton,093e333b,Dean-Ashto
Luís Boa Morte,pt POR,"FW,MF",27,18,2,0,"1,495",16.6,3,1,/en/players/59ab6332/Luis-Boa-Morte,59ab6332,Luis-Boa-Mort
Scott Parker,eng ENG,MF,18,17,0,1,"1,425",15.8,3,0,/en/players/65faf2a1/Scott-Parker,65faf2a1,Scott-Park
Matthew Etherington,eng ENG,MF,18,15,1,3,"1,305",14.5,2,0,/en/players/ef616df9/Matthew-Etherington,f616df9,Matthew-Etheringto
Nolberto Solano,pe PER,MF,24,14,1,4,"1,269",14.1,3,0,/en/players/37e7c753/Nolberto-Solano,37e7c753,Nolberto-Solano
Jonathan Spector,us USA,"DF,MF",26,13,0,0,"1,326",14.7,1,0,/en/players/3670bd5c/Jonathan-Spector,3670bd5c,Jonathan-Specto
Lee Bowyer,eng ENG,MF,15,12,2,4,"1,008",11.2,7,1,/en/players/f4fd57ba/Lee-Bowyer,f4fd57ba,Lee-Bow
Bobby Zamora,eng ENG,FW,13,11,2,1,909,10.1,1,0,/en/players/7ddb3563/Bobby-Zamora,7ddb3563,Bobby-Zamo
Danny Gabbidon,wls WAL,DF,10,8,0,0,768,8.5,1,0,/en/players/90148433/Danny-Gabbidon,90148433,Danny-Gabbido
Craig Bellamy,wls WAL,FW,8,7,1,2,526,5.8,2,0,/en/players/b9eae55b/Craig-Bellamy,b9eae55b,Craig-Bellam
James Tomkins,eng ENG,"DF,MF",6,5,0,0,467,5.2,0,0,/en/players/e7ca0439/James-Tomkins,7ca0439,James-Tomki
John Paintsil,gh GHA,"DF,MF",14,4,0,0,683,7.6,5,0,/en/players/2def72a3/John-Paintsil,2def72a3,John-Paintsi
Julien Faubert,fr FRA,"DF,FW",7,4,0,0,344,3.8,1,0,/en/players/525642e0/Julien-Faubert,525642e0,Julien-Faubert
Henri Camara,sn SEN,FW,10,3,1,0,340,3.8,1,0,/en/players/b2b48ae0/Henri-Camara,b2b48ae0,Henri-Cam
James Collins,wls WAL,DF,3,2,0,0,199,2.2,0,0,/en/players/c61f1719/James-Collins,c61f1719,James-Colli
Kieron Dyer,eng ENG,MF,2,2,0,0,180,2.0,0,0,/en/players/90b5a2f2/Kieron-Dyer,90b5a2f2,Kieron-D
Freddie Sears,eng ENG,"FW,MF",7,1,0,1,215,2.4,0,0,/en/players/07059b2e/Freddie-Sears,07059b2e,Freddie-S
Jack Collison,wls WAL,MF,2,1,0,0,103,1.1,0,0,/en/players/0566f8a9/Jack-Collison,0566f8a9,Jack-Colliso
Kyel Reid,eng ENG,MF,1,0,0,0,12,0.1,0,0,/en/players/33cce752/Kyel-Reid,33cce752,Kyel-Reid
﻿2008-2009,West-Ham-United
Player,Nationality,Position,Game,Games Starts,Assists,Goals,Minutes,Minutes 90s,Yellow Card,Red Card,Link,Player_id,Player_name
﻿Robert Green,eng ENG,GK,38,38,0,0,"3,420",38.0,0,0,/en/players/a350680b/Robert-Green,350680b,Robert-G
Matthew Upson,eng ENG,DF,37,37,2,0,"3,195",35.5,2,0,/en/players/1a6e6d03/Matthew-Upson,1a6e6d03,Matthew-Upso
Hérita Ilunga,cd COD,DF,35,35,2,0,"3,120",34.7,2,0,/en/players/1550f0e0/Herita-Ilunga,1550f0e0,Herita-Ilung
Lucas Neill,au AUS,DF,34,34,1,1,"3,015",33.5,8,0,/en/players/b6cf046f/Lucas-Neill,b6cf046f,Lucas-Nei
Scott Parker,eng ENG,MF,28,28,3,1,"2,377",26.4,8,0,/en/players/65faf2a1/Scott-Parker,65faf2a1,Scott-Park
Mark Noble,eng ENG,MF,29,28,3,3,"2,346",26.1,8,1,/en/players/ff527768/Mark-Noble,ff527768,Mark-Nob
Carlton Cole,eng ENG,FW,27,26,3,10,"2,236",24.8,3,2,/en/players/51b2effb/Carlton-Cole,51b2effb,Carlton-Co
Valon Behrami,ch SUI,"DF,MF",24,24,1,1,"2,001",22.2,4,0,/en/players/d3d758d8/Valon-Behrami,d3d758d8,Valon-Behrami
David Di Michele,it ITA,FW,30,22,3,4,"1,893",21.0,4,0,/en/players/e0edcd05/David-Di-Michele,0edcd05,David-Di-Mich
James Collins,wls WAL,DF,18,17,0,0,"1,415",15.7,3,0,/en/players/c61f1719/James-Collins,c61f1719,James-Colli
Jack Collison,wls WAL,MF,20,16,1,3,"1,470",16.3,2,0,/en/players/0566f8a9/Jack-Collison,0566f8a9,Jack-Colliso
Julien Faubert,fr FRA,"DF,FW",20,15,2,0,"1,374",15.3,2,0,/en/players/525642e0/Julien-Faubert,525642e0,Julien-Faubert
Craig Bellamy,wls WAL,FW,16,13,0,5,"1,231",13.7,5,0,/en/players/b9eae55b/Craig-Bellamy,b9eae55b,Craig-Bellam
Luís Boa Morte,pt POR,"FW,MF",27,13,3,0,"1,229",13.7,7,0,/en/players/59ab6332/Luis-Boa-Morte,59ab6332,Luis-Boa-Mort
James Tomkins,eng ENG,"DF,MF",12,11,0,1,"1,002",11.1,0,1,/en/players/e7ca0439/James-Tomkins,7ca0439,James-Tomki
Diego Tristán,es ESP,FW,14,8,1,3,733,8.1,0,0,/en/players/e63209c5/Diego-Tristan,63209c5,Diego-Trist
Matthew Etherington,eng ENG,MF,13,8,0,2,731,8.1,1,0,/en/players/ef616df9/Matthew-Etherington,f616df9,Matthew-Etheringto
Radoslav Kováč,cz CZE,"DF,MF",9,8,0,1,718,8.0,2,0,/en/players/cf3f2f6d/Radoslav-Kovac,cf3f2f6d,Radoslav-Kovac
Calum Davenport,eng ENG,DF,7,7,1,1,630,7.0,1,0,/en/players/8f59901c/Calum-Davenport,8f59901c,Calum-Davenport
Junior Stanislas,eng ENG,MF,9,7,0,2,627,7.0,1,0,/en/players/6992791d/Junior-Stanislas,6992791d,Junior-Stani
Hayden Mullins,eng ENG,MF,17,5,0,1,673,7.5,1,0,/en/players/0e5ae692/Hayden-Mullins,0e5ae692,Hayden-Mulli
Jonathan Spector,us USA,"DF,MF",9,4,1,0,466,5.2,1,0,/en/players/3670bd5c/Jonathan-Spector,3670bd5c,Jonathan-Specto
Freddie Sears,eng ENG,"FW,MF",17,4,0,0,453,5.0,0,0,/en/players/07059b2e/Freddie-Sears,07059b2e,Freddie-S
Lee Bowyer,eng ENG,MF,6,4,0,0,347,3.9,1,0,/en/players/f4fd57ba/Lee-Bowyer,f4fd57ba,Lee-Bow
Dean Ashton,eng ENG,FW,4,4,0,2,248,2.8,0,0,/en/players/093e333b/Dean-Ashton,093e333b,Dean-Ashto
Savio Nsereko,ug UGA,"FW,MF",10,1,0,0,246,2.7,2,0,/en/players/d095eaca/Savio-Nsereko,d095eaca,Savio-Nsereko
Kieron Dyer,eng ENG,MF,7,1,1,0,199,2.2,0,0,/en/players/90b5a2f2/Kieron-Dyer,90b5a2f2,Kieron-D
George McCartney,nir NIR,DF,1,0,0,0,31,0.3,0,0,/en/players/f6c4946d/George-McCartney,f6c4946d,George-McCart
Walter López,uy URU,"DF,MF",5,0,0,0,24,0.3,0,0,/en/players/208d2bd9/Walter-Lopez,208d2bd9,Walter-Lopez
Josh Payne,eng ENG,MF,2,0,0,0,12,0.1,0,0,/en/players/de015490/Josh-Payne,de015490,Josh-P
﻿2009-2010,West-Ham-United
Player,Nationality,Position,Game,Games Starts,Assists,Goals,Minutes,Minutes 90s,Yellow Card,Red Card,Link,Player_id,Player_name
﻿Robert Green,eng ENG,GK,38,38,0,0,"3,402",37.8,0,0,/en/players/a350680b/Robert-Green,350680b,Robert-G
Matthew Upson,eng ENG,DF,33,33,0,3,"2,904",32.3,3,0,/en/players/1a6e6d03/Matthew-Upson,1a6e6d03,Matthew-Upso
Julien Faubert,fr FRA,"DF,FW",33,32,3,1,"2,820",31.3,6,0,/en/players/525642e0/Julien-Faubert,525642e0,Julien-Faubert
Scott Parker,eng ENG,MF,31,30,3,2,"2,573",28.6,9,1,/en/players/65faf2a1/Scott-Parker,65faf2a1,Scott-Park
Radoslav Kováč,cz CZE,"DF,MF",31,27,2,2,"2,261",25.1,8,1,/en/players/cf3f2f6d/Radoslav-Kovac,cf3f2f6d,Radoslav-Kovac
Carlton Cole,eng ENG,FW,30,26,3,10,"2,287",25.4,3,0,/en/players/51b2effb/Carlton-Cole,51b2effb,Carlton-Co
Mark Noble,eng ENG,MF,27,25,4,2,"2,119",23.5,6,1,/en/players/ff527768/Mark-Noble,ff527768,Mark-Nob
Valon Behrami,ch SUI,"DF,MF",27,24,1,1,"2,048",22.8,0,0,/en/players/d3d758d8/Valon-Behrami,d3d758d8,Valon-Behrami
Jonathan Spector,us USA,"DF,MF",27,22,0,0,"2,240",24.9,2,0,/en/players/3670bd5c/Jonathan-Spector,3670bd5c,Jonathan-Specto
James Tomkins,eng ENG,"DF,MF",23,22,0,0,"1,996",22.2,0,0,/en/players/e7ca0439/James-Tomkins,7ca0439,James-Tomki
Jack Collison,wls WAL,MF,22,19,3,2,"1,654",18.4,3,0,/en/players/0566f8a9/Jack-Collison,0566f8a9,Jack-Colliso
Alessandro Diamanti,it ITA,"FW,MF",27,18,3,7,"1,815",20.2,5,0,/en/players/cb5af1af/Alessandro-Diamanti,cb5af1af,Alessandro-Diamanti
Guillermo Franco,mx MEX,FW,23,16,3,5,"1,367",15.2,5,0,/en/players/15e15558/Guillermo-Franco,15e15558,Guillermo-Franco
Hérita Ilunga,cd COD,DF,16,16,1,0,"1,206",13.4,2,0,/en/players/1550f0e0/Herita-Ilunga,1550f0e0,Herita-Ilung
Manuel da Costa,ma MAR,DF,15,12,0,2,"1,096",12.2,0,0,/en/players/50e14b3c/Manuel-da-Costa,50e14b3c,Manuel-da-Cost
Junior Stanislas,eng ENG,MF,26,11,2,2,"1,251",13.9,2,0,/en/players/6992791d/Junior-Stanislas,6992791d,Junior-Stani
Danny Gabbidon,wls WAL,DF,10,8,1,0,715,7.9,0,0,/en/players/90148433/Danny-Gabbidon,90148433,Danny-Gabbido
Luis Jiménez,cl CHI,"FW,MF",11,6,2,1,658,7.3,3,0,/en/players/8e3320c6/Luis-Jimenez,8e3320c6,Luis-Jimenez
Ilan,br BRA,FW,11,6,0,4,577,6.4,0,0,/en/players/f0a36f0c/Ilan,f0a36f0c,I
Zavon Hines,eng ENG,"FW,MF",13,5,0,1,606,6.7,3,0,/en/players/29b8c15b/Zavon-Hines,29b8c15b,Zavon-Hi
Mido,eg EGY,FW,9,5,0,0,490,5.4,2,0,/en/players/91d87d09/Mido,91d87d09,Mido
Fabio Daprelà,ch SUI,"DF,MF",7,4,0,0,373,4.1,2,0,/en/players/6bff8a73/Fabio-Daprela,6bff8a73,Fabio-D
Kieron Dyer,eng ENG,MF,10,4,1,0,362,4.0,0,0,/en/players/90b5a2f2/Kieron-Dyer,90b5a2f2,Kieron-D
James Collins,wls WAL,DF,3,3,0,0,270,3.0,1,0,/en/players/c61f1719/James-Collins,c61f1719,James-Colli
Frank Nouble,eng ENG,"FW,MF",8,3,0,0,255,2.8,0,0,/en/players/0a8e46da/Frank-Nouble,0a8e46da,Frank-Noub
Benni McCarthy,za RSA,FW,5,2,0,0,157,1.7,0,0,/en/players/a6f401c6/Benni-McCarthy,6f401c6,Benni-McCarth
Luís Boa Morte,pt POR,"FW,MF",1,1,0,1,63,0.7,1,0,/en/players/59ab6332/Luis-Boa-Morte,59ab6332,Luis-Boa-Mort
Péter Kurucz,hu HUN,GK,1,0,0,0,18,0.2,0,0,/en/players/dedc6acd/Peter-Kurucz,dedc6acd,Peter-Kurucz
Freddie Sears,eng ENG,"FW,MF",1,0,0,0,13,0.1,0,0,/en/players/07059b2e/Freddie-Sears,07059b2e,Freddie-S
Jordan Spence,eng ENG,DF,1,0,0,0,4,0.0,0,0,/en/players/f7780381/Jordan-Spence,f7780381,Jordan-Spenc
﻿2010-2011,West-Ham-United
Player,Nationality,Position,Game,Games Starts,Assists,Goals,Minutes,Minutes 90s,Yellow Card,Red Card,Link,Player_id,Player_name
﻿Robert Green,eng ENG,GK,37,37,0,0,"3,330",37.0,0,0,/en/players/a350680b/Robert-Green,350680b,Robert-G
Scott Parker,eng ENG,MF,32,30,2,5,"2,738",30.4,8,0,/en/players/65faf2a1/Scott-Parker,65faf2a1,Scott-Park
Matthew Upson,eng ENG,DF,30,30,1,0,"2,470",27.4,4,0,/en/players/1a6e6d03/Matthew-Upson,1a6e6d03,Matthew-Upso
Frédéric Piquionne,fr FRA,FW,34,26,3,6,"2,246",25.0,2,1,/en/players/62f579c5/Frederic-Piquionne,62f579c5,Frederic-Piquio
Mark Noble,eng ENG,MF,26,25,3,4,"2,140",23.8,7,0,/en/players/ff527768/Mark-Noble,ff527768,Mark-Nob
Danny Gabbidon,wls WAL,DF,26,24,0,0,"2,180",24.2,3,0,/en/players/90148433/Danny-Gabbidon,90148433,Danny-Gabbido
Lars Jacobsen,dk DEN,DF,24,22,0,0,"1,994",22.2,0,0,/en/players/bef72e41/Lars-Jacobsen,bef72e41,Lars-Jacob
Carlton Cole,eng ENG,FW,35,21,2,5,"2,120",23.6,4,0,/en/players/51b2effb/Carlton-Cole,51b2effb,Carlton-Co
Luís Boa Morte,pt POR,"FW,MF",22,19,2,0,"1,499",16.7,7,0,/en/players/59ab6332/Luis-Boa-Morte,59ab6332,Luis-Boa-Mort
James Tomkins,eng ENG,"DF,MF",19,18,1,1,"1,579",17.5,2,0,/en/players/e7ca0439/James-Tomkins,7ca0439,James-Tomki
Victor Obinna,ng NGA,FW,25,17,3,3,"1,575",17.5,3,0,/en/players/c21b9d9d/Victor-Obinna,c21b9d9d,Victor-Obi
Wayne Bridge,eng ENG,DF,15,15,1,0,"1,348",15.0,0,0,/en/players/86b982bc/Wayne-Bridge,86b982bc,Wayne-Bridg
Manuel da Costa,ma MAR,DF,16,14,0,1,"1,293",14.4,3,0,/en/players/50e14b3c/Manuel-da-Costa,50e14b3c,Manuel-da-Cost
Thomas Hitzlsperger,de GER,MF,11,11,4,2,990,11.0,1,0,/en/players/2757060a/Thomas-Hitzlsperger,2757060a,Thomas-Hitzlsperg
Demba Ba,sn SEN,FW,12,10,0,7,933,10.4,1,0,/en/players/8b683d09/Demba-Ba,8b683d09,Demba-B
Jonathan Spector,us USA,"DF,MF",14,10,0,1,929,10.3,2,0,/en/players/3670bd5c/Jonathan-Spector,3670bd5c,Jonathan-Specto
Hérita Ilunga,cd COD,DF,11,10,0,0,866,9.6,1,0,/en/players/1550f0e0/Herita-Ilunga,1550f0e0,Herita-Ilung
Freddie Sears,eng ENG,"FW,MF",11,9,0,1,759,8.4,0,0,/en/players/07059b2e/Freddie-Sears,07059b2e,Freddie-S
Tal Ben Haim,il ISR,DF,8,8,1,0,712,7.9,3,0,/en/players/2277a390/Tal-Ben-Haim,2277a390,Tal-Ben-Haim
Kieron Dyer,eng ENG,MF,11,8,0,0,602,6.7,0,0,/en/players/90b5a2f2/Kieron-Dyer,90b5a2f2,Kieron-D
Radoslav Kováč,cz CZE,"DF,MF",13,7,0,0,634,7.0,4,0,/en/players/cf3f2f6d/Radoslav-Kovac,cf3f2f6d,Radoslav-Kovac
Julien Faubert,fr FRA,"DF,FW",9,7,0,0,612,6.8,2,0,/en/players/525642e0/Julien-Faubert,525642e0,Julien-Faubert
Gary O'Neil,eng ENG,MF,8,7,1,0,589,6.5,0,0,/en/players/754d4ac4/Gary-ONeil,754d4ac4,Gary-ONei
Pablo Barrera,mx MEX,"FW,MF",14,6,0,0,745,8.3,0,0,/en/players/ff70b131/Pablo-Barrera,ff70b131,Pablo-B
Valon Behrami,ch SUI,"DF,MF",7,6,0,2,511,5.7,1,0,/en/players/d3d758d8/Valon-Behrami,d3d758d8,Valon-Behrami
Robbie Keane,ie IRL,FW,9,5,0,2,486,5.4,0,0,/en/players/f45e1bb2/Robbie-Keane,f45e1bb2,Robbie-K
Zavon Hines,eng ENG,"FW,MF",9,4,0,0,406,4.5,1,0,/en/players/29b8c15b/Zavon-Hines,29b8c15b,Zavon-Hi
Junior Stanislas,eng ENG,MF,6,4,0,1,348,3.9,0,0,/en/players/6992791d/Junior-Stanislas,6992791d,Junior-Stani
Winston Reid,nz NZL,DF,7,3,0,0,407,4.5,0,0,/en/players/562eed5c/Winston-Reid,562eed5c,Winston-Reid
Jack Collison,wls WAL,MF,3,2,0,0,200,2.2,0,0,/en/players/0566f8a9/Jack-Collison,0566f8a9,Jack-Colliso
Jordan Spence,eng ENG,DF,2,2,0,0,180,2.0,0,0,/en/players/f7780381/Jordan-Spence,f7780381,Jordan-Spenc
Ruud Boffin,be BEL,GK,1,1,0,0,90,1.0,0,0,/en/players/ad19ca64/Ruud-Boffin,d19ca64,Ruud-Boffi
Benni McCarthy,za RSA,FW,6,0,0,0,81,0.9,0,0,/en/players/a6f401c6/Benni-McCarthy,6f401c6,Benni-McCarth
Alessandro Diamanti,it ITA,"FW,MF",1,0,0,0,19,0.2,0,0,/en/players/cb5af1af/Alessandro-Diamanti,cb5af1af,Alessandro-Diamanti
Frank Nouble,eng ENG,"FW,MF",2,0,0,0,4,0.0,0,0,/en/players/0a8e46da/Frank-Nouble,0a8e46da,Frank-Noub
﻿2011-2012,West-Ham-United
Player,Nationality,Position,Game,Games Starts,Assists,Goals,Minutes,Minutes 90s,Yellow Card,Red Card,Link,Player_id,Player_name
﻿Mark Noble,eng ENG,MF,45,43,9,8,"3,765",41.8,6,0,/en/players/ff527768/Mark-Noble,ff527768,Mark-Nob
Robert Green,eng ENG,GK,42,42,0,0,"3,743",41.6,0,1,/en/players/a350680b/Robert-Green,350680b,Robert-G
Kevin Nolan,eng ENG,MF,42,42,5,12,"3,671",40.8,10,1,/en/players/3d307105/Kevin-Nolan,3d307105,Kevin-No
James Tomkins,eng ENG,"DF,MF",44,42,2,4,"3,647",40.5,5,0,/en/players/e7ca0439/James-Tomkins,7ca0439,James-Tomki
George McCartney,nir NIR,DF,38,36,4,1,"3,270",36.3,6,0,/en/players/f6c4946d/George-McCartney,f6c4946d,George-McCart
Carlton Cole,eng ENG,FW,40,28,5,14,"2,504",27.8,7,0,/en/players/51b2effb/Carlton-Cole,51b2effb,Carlton-Co
Julien Faubert,fr FRA,"DF,FW",34,28,4,1,"2,454",27.3,5,0,/en/players/525642e0/Julien-Faubert,525642e0,Julien-Faubert
Joey O'Brien,ie IRL,"DF,MF",32,27,2,1,"2,455",27.3,4,1,/en/players/ce46f501/Joey-OBrien,ce46f501,Joey-OBri
Winston Reid,nz NZL,DF,28,27,2,3,"2,407",26.7,4,0,/en/players/562eed5c/Winston-Reid,562eed5c,Winston-Reid
Jack Collison,wls WAL,MF,31,26,3,4,"2,207",24.5,1,1,/en/players/0566f8a9/Jack-Collison,0566f8a9,Jack-Colliso
Matthew Taylor,eng ENG,"DF,MF",28,26,9,1,"2,039",22.7,1,1,/en/players/3b2c9cac/Matthew-Taylor,3b2c9cac,Matthew-Taylo
Abdoulaye Faye,sn SEN,"DF,MF",29,25,0,0,"2,308",25.6,4,0,/en/players/99df1bff/Abdoulaye-Faye,99df1bff,Abdoulaye-F
Papa Bouba Diop,sn SEN,"DF,MF",16,14,1,1,"1,095",12.2,1,0,/en/players/7994a7f9/Papa-Bouba-Diop,7994a7f9,Papa-Bouba-Dio
Henri Lansbury,eng ENG,MF,22,13,3,1,"1,309",14.5,4,0,/en/players/fe8e6fa1/Henri-Lansbury,fe8e6fa1,Henri-Lansbu
Ricardo Vaz Tê,pt POR,"FW,MF",15,13,1,10,"1,025",11.4,0,0,/en/players/238aa706/Ricardo-Vaz-Te,238aa706,Ricardo-Vaz-T
Sam Baldock,eng ENG,"FW,MF",23,10,0,5,"1,114",12.4,1,0,/en/players/9d597f08/Sam-Baldock,9d597f08,Sam-Baldock
Gary O'Neil,eng ENG,MF,16,9,2,2,904,10.0,3,0,/en/players/754d4ac4/Gary-ONeil,754d4ac4,Gary-ONei
Nicky Maynard,eng ENG,FW,14,9,2,2,733,8.1,1,0,/en/players/2d6ef68e/Nicky-Maynard,2d6ef68e,Nicky-Maynard
Frédéric Piquionne,fr FRA,FW,20,8,4,2,925,10.3,0,1,/en/players/62f579c5/Frederic-Piquionne,62f579c5,Frederic-Piquio
John Carew,no NOR,FW,19,7,1,2,638,7.1,1,0,/en/players/91ef929d/John-Carew,91ef929d,John-Carew
Guy Demel,ci CIV,"DF,MF",7,7,0,0,444,4.9,0,0,/en/players/605bba68/Guy-Demel,605bba68,Guy-Dem
Danny Collins,wls WAL,DF,11,4,0,1,555,6.2,2,0,/en/players/b89cd819/Danny-Collins,b89cd819,Danny-Colli
Manuel Almunia,es ESP,GK,4,4,0,0,360,4.0,0,0,/en/players/9f6b2f8c/Manuel-Almunia,9f6b2f8c,Manuel-Almuni
Scott Parker,eng ENG,MF,4,4,1,1,360,4.0,0,0,/en/players/65faf2a1/Scott-Parker,65faf2a1,Scott-Park
Hérita Ilunga,cd COD,DF,4,4,1,0,355,3.9,0,0,/en/players/1550f0e0/Herita-Ilunga,1550f0e0,Herita-Ilung
Dan Potts,eng ENG,DF,3,3,0,0,270,3.0,0,0,/en/players/3595affe/Dan-Potts,3595affe,Dan-Pott
Freddie Sears,eng ENG,"FW,MF",10,2,0,0,298,3.3,0,0,/en/players/07059b2e/Freddie-Sears,07059b2e,Freddie-S
David Bentley,eng ENG,MF,5,2,0,0,262,2.9,0,0,/en/players/a00fbcec/David-Bentley,00fbcec,David-Bent
Frank Nouble,eng ENG,"FW,MF",3,1,0,1,130,1.4,0,0,/en/players/0a8e46da/Frank-Nouble,0a8e46da,Frank-Noub
Robert Hall,eng ENG,"FW,MF",3,0,0,0,46,0.5,0,0,/en/players/89602ebf/Robert-Hall,89602ebf,Robert-H
Ravel Morrison,jm JAM,MF,1,0,0,0,10,0.1,0,0,/en/players/bf59c794/Ravel-Morrison,bf59c794,Ravel-Morriso
Pablo Barrera,mx MEX,"FW,MF",1,0,0,0,9,0.1,0,0,/en/players/ff70b131/Pablo-Barrera,ff70b131,Pablo-B
Junior Stanislas,eng ENG,MF,1,0,0,0,5,0.1,0,0,/en/players/6992791d/Junior-Stanislas,6992791d,Junior-Stani
﻿2012-2013,West-Ham-United
Player,Nationality,Position,Game,Games Starts,Assists,Goals,Minutes,Minutes 90s,Yellow Card,Red Card,Link,Player_id,Player_name
﻿Jussi Jääskeläinen,fi FIN,GK,38,38,0,0,"3,420",38.0,2,0,/en/players/340d2a24/Jussi-Jaaskelainen,340d2a24,Jussi-Jaaskelai
Winston Reid,nz NZL,DF,36,36,0,1,"3,143",34.9,8,0,/en/players/562eed5c/Winston-Reid,562eed5c,Winston-Reid
Kevin Nolan,eng ENG,MF,35,35,2,10,"2,978",33.1,6,0,/en/players/3d307105/Kevin-Nolan,3d307105,Kevin-No
Joey O'Brien,ie IRL,"DF,MF",33,32,4,2,"2,717",30.2,6,0,/en/players/ce46f501/Joey-OBrien,ce46f501,Joey-OBri
Mohamed Diamé,sn SEN,MF,33,31,0,3,"2,595",28.8,3,0,/en/players/b7d082af/Mohamed-Diame,b7d082af,Mohamed-Diam
Matt Jarvis,eng ENG,MF,32,29,0,2,"2,559",28.4,0,0,/en/players/02d6d2b4/Matt-Jarvis,02d6d2b4,Matt-Jarvi
James Collins,wls WAL,DF,29,29,1,0,"2,492",27.7,9,0,/en/players/c61f1719/James-Collins,c61f1719,James-Colli
Guy Demel,ci CIV,"DF,MF",31,28,2,0,"2,473",27.5,2,0,/en/players/605bba68/Guy-Demel,605bba68,Guy-Dem
Mark Noble,eng ENG,MF,28,25,3,4,"2,286",25.4,7,0,/en/players/ff527768/Mark-Noble,ff527768,Mark-Nob
Andy Carroll,eng ENG,FW,24,22,4,7,"1,933",21.5,5,0,/en/players/b581987a/Andy-Carroll,b581987a,Andy-Carro
James Tomkins,eng ENG,"DF,MF",26,18,1,1,"1,735",19.3,5,0,/en/players/e7ca0439/James-Tomkins,7ca0439,James-Tomki
Ricardo Vaz Tê,pt POR,"FW,MF",24,18,4,3,"1,601",17.8,3,0,/en/players/238aa706/Ricardo-Vaz-Te,238aa706,Ricardo-Vaz-T
Gary O'Neil,eng ENG,MF,24,17,3,1,"1,442",16.0,2,0,/en/players/754d4ac4/Gary-ONeil,754d4ac4,Gary-ONei
Matthew Taylor,eng ENG,"DF,MF",28,14,2,1,"1,377",15.3,2,0,/en/players/3b2c9cac/Matthew-Taylor,3b2c9cac,Matthew-Taylo
Carlton Cole,eng ENG,FW,27,14,1,2,"1,369",15.2,2,1,/en/players/51b2effb/Carlton-Cole,51b2effb,Carlton-Co
George McCartney,nir NIR,DF,12,9,2,0,879,9.8,2,0,/en/players/f6c4946d/George-McCartney,f6c4946d,George-McCart
Joe Cole,eng ENG,MF,11,7,0,2,620,6.9,2,0,/en/players/2c2f117b/Joe-Cole,2c2f117b,Joe-Co
Jack Collison,wls WAL,MF,17,5,0,2,639,7.1,2,0,/en/players/0566f8a9/Jack-Collison,0566f8a9,Jack-Colliso
Yossi Benayoun,il ISR,MF,6,4,1,0,315,3.5,1,0,/en/players/8414bb13/Yossi-Benayoun,8414bb13,Yossi-Benayou
Modibo Maïga,ml MLI,"FW,MF",17,2,2,2,421,4.7,2,0,/en/players/a546477d/Modibo-Maiga,546477d,Modibo-Maig
Marouane Chamakh,ma MAR,FW,3,2,0,0,151,1.7,0,0,/en/players/790ca5f3/Marouane-Chamakh,790ca5f3,Marouane-Chamakh
Emanuel Pogatetz,at AUT,DF,6,1,0,0,153,1.7,2,0,/en/players/6b08d120/Emanuel-Pogatetz,6b08d120,Emanuel-Pogatetz
Alou Diarra,fr FRA,MF,3,1,0,0,141,1.6,1,0,/en/players/9b74ce00/Alou-Diarra,9b74ce00,Alou-Di
Dan Potts,eng ENG,DF,2,1,0,0,119,1.3,0,0,/en/players/3595affe/Dan-Potts,3595affe,Dan-Pott
Jordan Spence,eng ENG,DF,4,0,0,0,26,0.3,0,0,/en/players/f7780381/Jordan-Spence,f7780381,Jordan-Spenc
Robert Hall,eng ENG,"FW,MF",1,0,0,0,13,0.1,0,0,/en/players/89602ebf/Robert-Hall,89602ebf,Robert-H
﻿2013-2014,West-Ham-United
Player,Nationality,Position,Game,Games Starts,Assists,Goals,Minutes,Minutes 90s,Yellow Card,Red Card,Link,Player_id,Player_name
﻿Mark Noble,eng ENG,MF,38,38,4,3,"3,340",37.1,7,1,/en/players/ff527768/Mark-Noble,ff527768,Mark-Nob
Kevin Nolan,eng ENG,MF,33,33,5,7,"2,678",29.8,7,2,/en/players/3d307105/Kevin-Nolan,3d307105,Kevin-No
James Tomkins,eng ENG,"DF,MF",31,31,0,0,"2,598",28.9,6,1,/en/players/e7ca0439/James-Tomkins,7ca0439,James-Tomki
Guy Demel,ci CIV,"DF,MF",32,30,0,1,"2,635",29.3,3,0,/en/players/605bba68/Guy-Demel,605bba68,Guy-Dem
Stewart Downing,eng ENG,"FW,MF",32,29,2,1,"2,507",27.9,0,0,/en/players/b13c4620/Stewart-Downing,b13c4620,Stewart-Downing
Mohamed Diamé,sn SEN,MF,35,29,2,4,"2,476",27.5,4,0,/en/players/b7d082af/Mohamed-Diame,b7d082af,Mohamed-Diam
Matt Jarvis,eng ENG,MF,32,23,3,2,"1,941",21.6,1,0,/en/players/02d6d2b4/Matt-Jarvis,02d6d2b4,Matt-Jarvi
James Collins,wls WAL,DF,24,22,0,1,"1,898",21.1,6,0,/en/players/c61f1719/James-Collins,c61f1719,James-Colli
George McCartney,nir NIR,DF,22,20,0,0,"1,842",20.5,4,0,/en/players/f6c4946d/George-McCartney,f6c4946d,George-McCart
Adrián,es ESP,GK,20,20,0,0,"1,800",20.0,2,0,/en/players/f76e6b4e/Adrian,f76e6b4e,Adri
Winston Reid,nz NZL,DF,22,18,0,1,"1,678",18.6,2,0,/en/players/562eed5c/Winston-Reid,562eed5c,Winston-Reid
Jussi Jääskeläinen,fi FIN,GK,18,18,1,0,"1,620",18.0,0,0,/en/players/340d2a24/Jussi-Jaaskelainen,340d2a24,Jussi-Jaaskelai
Matthew Taylor,eng ENG,"DF,MF",20,16,0,0,"1,412",15.7,3,0,/en/players/3b2c9cac/Matthew-Taylor,3b2c9cac,Matthew-Taylo
Joey O'Brien,ie IRL,"DF,MF",17,13,0,0,"1,237",13.7,4,0,/en/players/ce46f501/Joey-OBrien,ce46f501,Joey-OBri
Ravel Morrison,jm JAM,MF,16,12,2,3,"1,155",12.8,5,0,/en/players/bf59c794/Ravel-Morrison,bf59c794,Ravel-Morriso
Andy Carroll,eng ENG,FW,15,12,4,2,"1,091",12.1,0,1,/en/players/b581987a/Andy-Carroll,b581987a,Andy-Carro
Răzvan Raț,ro ROU,DF,15,11,0,0,"1,134",12.6,1,0,/en/players/0a0ee36e/Razvan-Rat,0a0ee36e,Razvan-Rat
Modibo Maïga,ml MLI,"FW,MF",14,11,2,1,"1,004",11.2,0,0,/en/players/a546477d/Modibo-Maiga,546477d,Modibo-Maig
Carlton Cole,eng ENG,FW,26,9,1,5,859,9.5,1,0,/en/players/51b2effb/Carlton-Cole,51b2effb,Carlton-Co
Joe Cole,eng ENG,MF,20,6,0,3,749,8.3,2,0,/en/players/2c2f117b/Joe-Cole,2c2f117b,Joe-Co
Jack Collison,wls WAL,MF,10,6,0,0,462,5.1,0,0,/en/players/0566f8a9/Jack-Collison,0566f8a9,Jack-Colliso
Pablo Armero,co COL,"DF,MF",5,3,0,0,323,3.6,1,0,/en/players/afabf74e/Pablo-Armero,fabf74e,Pablo-Armero
Ricardo Vaz Tê,pt POR,"FW,MF",8,3,0,2,258,2.9,0,0,/en/players/238aa706/Ricardo-Vaz-Te,238aa706,Ricardo-Vaz-T
Roger Johnson,eng ENG,DF,4,2,0,0,274,3.0,1,0,/en/players/f6e08a82/Roger-Johnson,f6e08a82,Roger-Johnso
Antonio Nocerino,it ITA,MF,10,2,0,0,261,2.9,3,0,/en/players/07cf67f3/Antonio-Nocerino,07cf67f3,Antonio-Nocerino
Alou Diarra,fr FRA,MF,3,1,0,0,115,1.3,1,0,/en/players/9b74ce00/Alou-Diarra,9b74ce00,Alou-Di
Marco Borriello,it ITA,FW,2,0,0,0,90,1.0,0,0,/en/players/a889ffc7/Marco-Borriello,889ffc7,Marco-Borriello
Mladen Petrić,hr CRO,FW,3,0,0,0,68,0.8,0,0,/en/players/2cc63c53/Mladen-Petric,2cc63c53,Mladen-Petric
Elliot Lee,eng ENG,"FW,MF",1,0,0,0,3,0.0,0,0,/en/players/e5192234/Elliot-Lee,5192234,Elliot-L
﻿2014-2015,West-Ham-United
Player,Nationality,Position,Game,Games Starts,Assists,Goals,Minutes,Minutes 90s,Yellow Card,Red Card,Link,Player_id,Player_name
﻿Aaron Cresswell,eng ENG,"DF,MF",38,38,4,2,"3,420",38.0,5,0,/en/players/4f974391/Aaron-Cresswell,4f974391,Aaron-Cressw
Adrián,es ESP,GK,38,38,0,0,"3,392",37.7,3,1,/en/players/f76e6b4e/Adrian,f76e6b4e,Adri
Stewart Downing,eng ENG,"FW,MF",37,37,8,6,"3,312",36.8,3,0,/en/players/b13c4620/Stewart-Downing,b13c4620,Stewart-Downing
Cheikhou Kouyaté,sn SEN,"DF,MF",31,30,2,4,"2,657",29.5,5,0,/en/players/8d3c902d/Cheikhou-Kouyate,8d3c902d,Cheikhou-Kouyat
Carl Jenkinson,eng ENG,DF,32,29,2,0,"2,669",29.7,2,0,/en/players/874125a3/Carl-Jenkinson,874125a3,Carl-Jenkinso
Winston Reid,nz NZL,DF,30,29,0,1,"2,502",27.8,10,0,/en/players/562eed5c/Winston-Reid,562eed5c,Winston-Reid
Mark Noble,eng ENG,MF,28,27,3,2,"2,301",25.6,4,0,/en/players/ff527768/Mark-Noble,ff527768,Mark-Nob
Alex Song,cm CMR,"DF,MF",28,25,3,0,"2,245",24.9,4,0,/en/players/1c32281d/Alex-Song,1c32281d,Alex-Song
Enner Valencia,ec ECU,"FW,MF",32,25,3,4,"2,101",23.3,2,0,/en/players/fb485406/Enner-Valencia,fb485406,Enner-Valenci
James Collins,wls WAL,DF,27,21,0,0,"1,882",20.9,6,1,/en/players/c61f1719/James-Collins,c61f1719,James-Colli
James Tomkins,eng ENG,"DF,MF",22,20,3,1,"1,852",20.6,6,0,/en/players/e7ca0439/James-Tomkins,7ca0439,James-Tomki
Diafra Sakho,sn SEN,FW,23,20,2,10,"1,754",19.5,2,0,/en/players/57c433c8/Diafra-Sakho,57c433c8,Diafra-Sakho
Kevin Nolan,eng ENG,MF,29,19,1,1,"1,749",19.4,2,0,/en/players/3d307105/Kevin-Nolan,3d307105,Kevin-No
Morgan Amalfitano,fr FRA,MF,24,14,1,3,"1,184",13.2,3,0,/en/players/ab914649/Morgan-Amalfitano,b914649,Morgan-Amalfitano
Andy Carroll,eng ENG,FW,14,12,1,5,"1,024",11.4,2,0,/en/players/b581987a/Andy-Carroll,b581987a,Andy-Carro
Carlton Cole,eng ENG,FW,23,8,0,2,912,10.1,2,0,/en/players/51b2effb/Carlton-Cole,51b2effb,Carlton-Co
Joey O'Brien,ie IRL,"DF,MF",9,6,0,0,526,5.8,2,0,/en/players/ce46f501/Joey-OBrien,ce46f501,Joey-OBri
Mauro Zárate,ar ARG,"FW,MF",7,5,1,2,412,4.6,1,0,/en/players/cc18ff4c/Mauro-Zarate,cc18ff4c,Mauro-Zarat
Matt Jarvis,eng ENG,MF,11,4,0,0,416,4.6,0,0,/en/players/02d6d2b4/Matt-Jarvis,02d6d2b4,Matt-Jarvi
Reece Burke,eng ENG,DF,5,4,0,0,415,4.6,0,0,/en/players/a681b7b7/Reece-Burke,681b7b7,Reece-Burk
Guy Demel,ci CIV,"DF,MF",6,3,0,0,258,2.9,0,0,/en/players/605bba68/Guy-Demel,605bba68,Guy-Dem
Ricardo Vaz Tê,pt POR,"FW,MF",4,3,0,0,223,2.5,0,0,/en/players/238aa706/Ricardo-Vaz-Te,238aa706,Ricardo-Vaz-T
Diego Poyet,uy URU,MF,3,1,0,0,91,1.0,1,0,/en/players/5aa00dc3/Diego-Poyet,5aa00dc3,Diego-Poyet
Nenê,br BRA,"FW,MF",8,0,0,0,135,1.5,0,0,/en/players/265ebd37/Nene,265ebd37,N
Mohamed Diamé,sn SEN,MF,3,0,0,0,57,0.6,0,0,/en/players/b7d082af/Mohamed-Diame,b7d082af,Mohamed-Diam
Ravel Morrison,jm JAM,MF,1,0,0,0,34,0.4,0,0,/en/players/bf59c794/Ravel-Morrison,bf59c794,Ravel-Morriso
Jussi Jääskeläinen,fi FIN,GK,1,0,0,0,28,0.3,0,0,/en/players/340d2a24/Jussi-Jaaskelainen,340d2a24,Jussi-Jaaskelai
Elliot Lee,eng ENG,"FW,MF",1,0,0,0,14,0.2,0,0,/en/players/e5192234/Elliot-Lee,5192234,Elliot-L
Josh Cullen,ie IRL,"DF,MF",0,0,,,,,,,/en/players/f6d7d690/Josh-Cullen,f6d7d690,Josh-Cu
Sebastian Lletget,us USA,MF,0,0,,,,,,,/en/players/73019c31/Sebastian-Lletget,73019c31,Sebastian-Lletget
Manny Onariase,ng NGA,"DF,MF",0,0,,,,,,,/en/players/69c1a491/Manny-Onariase,69c1a491,Manny-Onari
Reece Oxford,eng ENG,DF,0,0,,,,,,,/en/players/8b6e0db2/Reece-Oxford,8b6e0db2,Reece-Oxford
﻿2015-2016,West-Ham-United
Player,Nationality,Position,Game,Games Starts,Assists,Goals,Minutes,Minutes 90s,Yellow Card,Red Card,Link,Player_id,Player_name
﻿Aaron Cresswell,eng ENG,DF,37,37,4,2,"3,314",36.8,1,0,/en/players/4f974391/Aaron-Cresswell,4f974391,Aaron-Cressw
Mark Noble,eng ENG,MF,37,37,4,7,"3,196",35.5,8,1,/en/players/ff527768/Mark-Noble,ff527768,Mark-Nob
Cheikhou Kouyaté,sn SEN,MF,34,34,2,5,"3,007",33.4,5,1,/en/players/8d3c902d/Cheikhou-Kouyate,8d3c902d,Cheikhou-Kouyat
Adrián,es ESP,GK,32,32,0,0,"2,880",32.0,1,1,/en/players/f76e6b4e/Adrian,f76e6b4e,Adri
Dimitri Payet,fr FRA,"FW,MF",30,29,12,9,"2,568",28.5,3,0,/en/players/58ae47b2/Dimitri-Payet,58ae47b2,Dimitri-Payet
Angelo Ogbonna,it ITA,DF,28,27,0,0,"2,326",25.8,5,0,/en/players/74b2cd7e/Angelo-Ogbonna,74b2cd7e,Angelo-Ogbo
Winston Reid,nz NZL,DF,24,24,1,1,"2,135",23.7,5,0,/en/players/562eed5c/Winston-Reid,562eed5c,Winston-Reid
Michail Antonio,jm JAM,"MF,FW",26,23,3,8,"2,057",22.9,3,0,/en/players/ac05f970/Michail-Antonio,c05f970,Michail-Antonio
James Tomkins,eng ENG,DF,25,23,0,0,"1,961",21.8,3,0,/en/players/e7ca0439/James-Tomkins,7ca0439,James-Tomki
Manuel Lanzini,ar ARG,MF,26,23,2,6,"1,910",21.2,3,0,/en/players/26f6dca8/Manuel-Lanzini,26f6dca8,Manuel-Lanzini
Diafra Sakho,sn SEN,FW,21,18,1,5,"1,519",16.9,3,0,/en/players/57c433c8/Diafra-Sakho,57c433c8,Diafra-Sakho
James Collins,wls WAL,DF,19,16,0,0,"1,441",16.0,3,1,/en/players/c61f1719/James-Collins,c61f1719,James-Colli
Andy Carroll,eng ENG,FW,27,13,2,9,"1,440",16.0,2,0,/en/players/b581987a/Andy-Carroll,b581987a,Andy-Carro
Carl Jenkinson,eng ENG,DF,20,13,0,2,"1,229",13.7,3,1,/en/players/874125a3/Carl-Jenkinson,874125a3,Carl-Jenkinso
Victor Moses,ng NGA,"MF,FW",21,13,2,1,979,10.9,0,0,/en/players/e726e11e/Victor-Moses,726e11e,Victor-Mo
Pedro Obiang,gq EQG,MF,24,11,1,0,"1,088",12.1,2,0,/en/players/ba1e04b3/Pedro-Obiang,ba1e04b3,Pedro-Obiang
Enner Valencia,ec ECU,"FW,MF",19,10,2,4,"1,009",11.2,1,0,/en/players/fb485406/Enner-Valencia,fb485406,Enner-Valenci
Mauro Zárate,ar ARG,"MF,FW",15,9,0,3,788,8.8,1,0,/en/players/cc18ff4c/Mauro-Zarate,cc18ff4c,Mauro-Zarat
Alex Song,cm CMR,MF,12,8,0,0,658,7.3,1,0,/en/players/1c32281d/Alex-Song,1c32281d,Alex-Song
Darren Randolph,ie IRL,GK,6,6,0,0,540,6.0,0,0,/en/players/6385ebfb/Darren-Randolph,6385ebfb,Darren-Randolph
Emmanuel Emenike,ng NGA,"FW,MF",13,5,0,0,512,5.7,0,0,/en/players/df6bcd09/Emmanuel-Emenike,df6bcd09,Emmanuel-Emenik
Reece Oxford,eng ENG,"MF,DF",7,3,0,0,212,2.4,0,0,/en/players/8b6e0db2/Reece-Oxford,8b6e0db2,Reece-Oxford
Sam Byram,eng ENG,DF,4,2,0,0,288,3.2,3,0,/en/players/1bf811d4/Sam-Byram,1bf811d4,Sam-Byram
Nikica Jelavić,hr CRO,FW,13,1,2,1,350,3.9,1,0,/en/players/1a29f38c/Nikica-Jelavic,1a29f38c,Nikica-Jelavic
Kevin Nolan,eng ENG,MF,2,1,0,0,57,0.6,0,0,/en/players/3d307105/Kevin-Nolan,3d307105,Kevin-No
Matt Jarvis,eng ENG,MF,3,0,0,0,76,0.8,0,0,/en/players/02d6d2b4/Matt-Jarvis,02d6d2b4,Matt-Jarvi
Modibo Maïga,ml MLI,"FW,MF",3,0,0,1,27,0.3,0,0,/en/players/a546477d/Modibo-Maiga,546477d,Modibo-Maig
Josh Cullen,ie IRL,"DF,MF",1,0,0,0,1,0.0,0,0,/en/players/f6d7d690/Josh-Cullen,f6d7d690,Josh-Cu
Marcus Browne,eng ENG,"FW,MF",0,0,,,,,,,/en/players/7358a89a/Marcus-Browne,7358a89a,Marcus-Brow
George Dobson,eng ENG,MF,0,0,,,,,,,/en/players/20a7d00d/George-Dobson,20a7d00d,George-Dobso
Stephen Hendrie,sct SCO,DF,0,0,,,,,,,/en/players/99f65881/Stephen-Hendrie,99f65881,Stephen-Hendri
Doneil Henry,ca CAN,DF,0,0,,,,,,,/en/players/22636117/Doneil-Henry,22636117,Doneil-H
Kyle Knoyle,eng ENG,"DF,MF",0,0,,,,,,,/en/players/2062e7fb/Kyle-Knoyle,2062e7fb,Kyle-Kno
Elliot Lee,eng ENG,"FW,MF",0,0,,,,,,,/en/players/e5192234/Elliot-Lee,5192234,Elliot-L
Joey O'Brien,ie IRL,"DF,MF",0,0,,,,,,,/en/players/ce46f501/Joey-OBrien,ce46f501,Joey-OBri
Djair Parfitt-Williams,bm BER,FW,0,0,,,,,,,/en/players/060bc64c/Djair-Parfitt-Williams,060bc64c,Djair-Parfitt-William
Diego Poyet,uy URU,MF,0,0,,,,,,,/en/players/5aa00dc3/Diego-Poyet,5aa00dc3,Diego-Poyet
Martin Samuelsen,no NOR,"FW,MF",0,0,,,,,,,/en/players/746df5d3/Martin-Samuelsen,746df5d3,Martin-Samu
Raphael Spiegel,ch SUI,GK,0,0,,,,,,,/en/players/050b9803/Raphael-Spiegel,050b9803,Raphael-Spieg
﻿2016-2017,West-Ham-United
Player,Nationality,Position,Game,Games Starts,Assists,Goals,Minutes,Minutes 90s,Yellow Card,Red Card,Link,Player_id,Player_name
﻿Cheikhou Kouyaté,sn SEN,"MF,DF",31,31,0,1,"2,722",30.2,3,0,/en/players/8d3c902d/Cheikhou-Kouyate,8d3c902d,Cheikhou-Kouyat
Manuel Lanzini,ar ARG,MF,35,31,2,8,"2,706",30.1,9,0,/en/players/26f6dca8/Manuel-Lanzini,26f6dca8,Manuel-Lanzini
Winston Reid,nz NZL,DF,30,30,1,2,"2,587",28.7,9,2,/en/players/562eed5c/Winston-Reid,562eed5c,Winston-Reid
Michail Antonio,jm JAM,"MF,FW",29,29,3,9,"2,434",27.0,5,2,/en/players/ac05f970/Michail-Antonio,c05f970,Michail-Antonio
Mark Noble,eng ENG,MF,30,29,0,3,"2,389",26.5,10,0,/en/players/ff527768/Mark-Noble,ff527768,Mark-Nob
Aaron Cresswell,eng ENG,"DF,MF",26,24,2,0,"2,116",23.5,3,2,/en/players/4f974391/Aaron-Cresswell,4f974391,Aaron-Cressw
Darren Randolph,ie IRL,GK,22,22,0,0,"1,980",22.0,1,0,/en/players/6385ebfb/Darren-Randolph,6385ebfb,Darren-Randolph
Pedro Obiang,gq EQG,MF,22,21,1,1,"1,763",19.6,7,0,/en/players/ba1e04b3/Pedro-Obiang,ba1e04b3,Pedro-Obiang
Angelo Ogbonna,it ITA,DF,20,20,0,0,"1,755",19.5,2,0,/en/players/74b2cd7e/Angelo-Ogbonna,74b2cd7e,Angelo-Ogbo
James Collins,wls WAL,DF,22,19,0,2,"1,655",18.4,3,0,/en/players/c61f1719/James-Collins,c61f1719,James-Colli
Dimitri Payet,fr FRA,"MF,FW",18,17,6,2,"1,511",16.8,2,0,/en/players/58ae47b2/Dimitri-Payet,58ae47b2,Dimitri-Payet
Adrián,es ESP,GK,16,16,0,0,"1,440",16.0,1,0,/en/players/f76e6b4e/Adrian,f76e6b4e,Adri
André Ayew,gh GHA,"MF,FW",25,16,3,6,"1,438",16.0,1,0,/en/players/5dbefa9d/Andre-Ayew,5dbefa9d,Andre-Ayew
José Fonte,pt POR,DF,16,16,0,0,"1,404",15.6,2,0,/en/players/90f87966/Jose-Fonte,90f87966,Jose-Font
Andy Carroll,eng ENG,FW,18,15,1,7,"1,311",14.6,3,0,/en/players/b581987a/Andy-Carroll,b581987a,Andy-Carro
Sam Byram,eng ENG,"DF,MF",18,13,1,0,"1,249",13.9,6,2,/en/players/1bf811d4/Sam-Byram,1bf811d4,Sam-Byram
Sofiane Feghouli,dz ALG,"MF,FW",21,11,2,3,"1,041",11.6,1,1,/en/players/691f64f5/Sofiane-Feghouli,691f64f5,Sofiane-Feghouli
Arthur Masuaku,cd COD,"DF,MF",13,11,1,0,972,10.8,1,0,/en/players/57df7a11/Arthur-Masuaku,57df7a11,Arthur-Masuaku
Håvard Nordtveit,no NOR,"DF,MF",16,11,1,0,957,10.6,2,0,/en/players/6cafd68d/Havard-Nordtveit,6cafd68d,Havard-Nordtveit
Edimilson Fernandes,ch SUI,MF,28,8,1,0,"1,001",11.1,4,0,/en/players/3bb625ac/Edimilson-Fernandes,3bb625ac,Edimilson-Fernand
Robert Snodgrass,sct SCO,"MF,FW",15,8,2,0,838,9.3,0,0,/en/players/9f4647e9/Robert-Snodgrass,9f4647e9,Robert-Snodg
Simone Zaza,it ITA,FW,8,5,0,0,459,5.1,2,0,/en/players/9592289a/Simone-Zaza,9592289a,Simone-Zaz
Jonathan Calleri,ar ARG,FW,16,4,0,1,540,6.0,0,0,/en/players/6922f806/Jonathan-Calleri,6922f806,Jonathan-Calleri
Gökhan Töre,tr TUR,"MF,FW",5,3,1,0,240,2.7,0,0,/en/players/51960957/Gokhan-Tore,51960957,Gokhan-To
Enner Valencia,ec ECU,FW,3,3,0,0,211,2.3,0,0,/en/players/fb485406/Enner-Valencia,fb485406,Enner-Valenci
Ashley Fletcher,eng ENG,FW,16,2,0,0,367,4.1,2,0,/en/players/eeb6551f/Ashley-Fletcher,b6551f,Ashley-Fletch
Diafra Sakho,sn SEN,FW,4,2,0,1,181,2.0,0,0,/en/players/57c433c8/Diafra-Sakho,57c433c8,Diafra-Sakho
Álvaro Arbeloa,es ESP,DF,3,1,0,0,258,2.9,3,0,/en/players/6dc73abd/Alvaro-Arbeloa,6dc73abd,Alvaro-Arbelo
Declan Rice,eng ENG,"DF,MF",1,0,0,0,1,0.0,0,0,/en/players/1c7012b8/Declan-Rice,1c7012b8,Declan-Ric
Marcus Browne,eng ENG,"FW,MF",0,0,,,,,,,/en/players/7358a89a/Marcus-Browne,7358a89a,Marcus-Brow
Reece Burke,eng ENG,DF,0,0,,,,,,,/en/players/a681b7b7/Reece-Burke,681b7b7,Reece-Burk
Nathan Holland,eng ENG,"FW,MF",0,0,,,,,,,/en/players/45ab2170/Nathan-Holland,45ab2170,Nathan-Holland
Daniel Kemp,eng ENG,MF,0,0,,,,,,,/en/players/82362769/Daniel-Kemp,82362769,Daniel-Kem
Moses Makasi,eng ENG,MF,0,0,,,,,,,/en/players/4ae7add0/Moses-Makasi,4ae7add0,Moses-Makasi
Reece Oxford,eng ENG,DF,0,0,,,,,,,/en/players/8b6e0db2/Reece-Oxford,8b6e0db2,Reece-Oxford
Alex Pike,eng ENG,DF,0,0,,,,,,,/en/players/90a8927f/Alex-Pike,90a8927f,Alex-Pik
Domingos Quina,pt POR,MF,0,0,,,,,,,/en/players/41fb0f4e/Domingos-Quina,41fb0f4e,Domingos-Qui
Raphael Spiegel,ch SUI,GK,0,0,,,,,,,/en/players/050b9803/Raphael-Spiegel,050b9803,Raphael-Spieg
﻿2017-2018,West-Ham-United
Player,Nationality,Position,Game,Games Starts,Assists,Goals,Minutes,Minutes 90s,Yellow Card,Red Card,Link,Player_id,Player_name
﻿Pablo Zabaleta,ar ARG,"DF,MF",37,37,1,0,"3,289",36.5,9,0,/en/players/6813ac34/Pablo-Zabaleta,6813ac34,Pablo-Zabalet
Aaron Cresswell,eng ENG,DF,36,35,3,1,"3,069",34.1,7,0,/en/players/4f974391/Aaron-Cresswell,4f974391,Aaron-Cressw
Angelo Ogbonna,it ITA,DF,32,32,0,1,"2,880",32.0,3,0,/en/players/74b2cd7e/Angelo-Ogbonna,74b2cd7e,Angelo-Ogbo
Cheikhou Kouyaté,sn SEN,MF,33,32,3,2,"2,799",31.1,5,0,/en/players/8d3c902d/Cheikhou-Kouyate,8d3c902d,Cheikhou-Kouyat
Mark Noble,eng ENG,MF,29,28,0,4,"2,400",26.7,6,0,/en/players/ff527768/Mark-Noble,ff527768,Mark-Nob
Marko Arnautović,at AUT,"FW,MF",31,28,6,11,"2,313",25.7,5,1,/en/players/00459419/Marko-Arnautovic,00459419,Marko-Arnautovic
Manuel Lanzini,ar ARG,"MF,FW",27,23,6,5,"2,042",22.7,4,0,/en/players/26f6dca8/Manuel-Lanzini,26f6dca8,Manuel-Lanzini
Arthur Masuaku,cd COD,"DF,MF",27,21,3,0,"1,870",20.8,5,0,/en/players/57df7a11/Arthur-Masuaku,57df7a11,Arthur-Masuaku
Adrián,es ESP,GK,19,19,0,0,"1,710",19.0,2,0,/en/players/f76e6b4e/Adrian,f76e6b4e,Adri
Joe Hart,eng ENG,GK,19,19,1,0,"1,710",19.0,0,0,/en/players/cb4f24c6/Joe-Hart,cb4f24c6,Joe-Hart
Pedro Obiang,gq EQG,MF,21,18,0,2,"1,563",17.4,3,0,/en/players/ba1e04b3/Pedro-Obiang,ba1e04b3,Pedro-Obiang
Winston Reid,nz NZL,DF,17,17,0,0,"1,452",16.1,5,0,/en/players/562eed5c/Winston-Reid,562eed5c,Winston-Reid
Javier Hernández,mx MEX,FW,28,16,0,8,"1,548",17.2,3,0,/en/players/189cee7b/Javier-Hernandez,189cee7b,Javier-Hernandez
Michail Antonio,jm JAM,"MF,FW",21,16,1,3,"1,354",15.0,1,0,/en/players/ac05f970/Michail-Antonio,c05f970,Michail-Antonio
Declan Rice,eng ENG,"DF,MF",26,15,0,0,"1,430",15.9,1,0,/en/players/1c7012b8/Declan-Rice,1c7012b8,Declan-Ric
James Collins,wls WAL,DF,13,12,0,1,"1,050",11.7,3,0,/en/players/c61f1719/James-Collins,c61f1719,James-Colli
João Mário,pt POR,MF,13,12,1,2,"1,022",11.4,0,0,/en/players/f0021247/Joao-Mario,f0021247,Joao-Mario
André Ayew,gh GHA,"MF,FW",18,9,2,3,895,9.9,2,0,/en/players/5dbefa9d/Andre-Ayew,5dbefa9d,Andre-Ayew
Edimilson Fernandes,ch SUI,"MF,DF",14,9,1,0,845,9.4,1,0,/en/players/3bb625ac/Edimilson-Fernandes,3bb625ac,Edimilson-Fernand
José Fonte,pt POR,DF,8,8,1,0,688,7.6,0,0,/en/players/90f87966/Jose-Fonte,90f87966,Jose-Font
Andy Carroll,eng ENG,FW,16,7,0,3,751,8.3,6,2,/en/players/b581987a/Andy-Carroll,b581987a,Andy-Carro
Patrice Evra,fr FRA,"DF,MF",5,3,0,0,228,2.5,0,0,/en/players/51a3caf1/Patrice-Evra,51a3caf1,Patrice-Ev
Sam Byram,eng ENG,"DF,MF",5,2,0,0,248,2.8,1,0,/en/players/1bf811d4/Sam-Byram,1bf811d4,Sam-Byram
Diafra Sakho,sn SEN,FW,14,0,0,2,306,3.4,2,0,/en/players/57c433c8/Diafra-Sakho,57c433c8,Diafra-Sakho
Jordan Hugill,eng ENG,FW,3,0,0,0,25,0.3,0,0,/en/players/a36d4785/Jordan-Hugill,36d4785,Jordan-Hugi
Josh Cullen,ie IRL,MF,2,0,0,0,8,0.1,0,0,/en/players/f6d7d690/Josh-Cullen,f6d7d690,Josh-Cu
Reece Oxford,eng ENG,MF,1,0,0,0,5,0.1,0,0,/en/players/8b6e0db2/Reece-Oxford,8b6e0db2,Reece-Oxford
Marcus Browne,eng ENG,"FW,MF",0,0,,,,,,,/en/players/7358a89a/Marcus-Browne,7358a89a,Marcus-Brow
Reece Burke,eng ENG,DF,0,0,,,,,,,/en/players/a681b7b7/Reece-Burke,681b7b7,Reece-Burk
Grady Diangana,eng ENG,MF,0,0,,,,,,,/en/players/f522d7ec/Grady-Diangana,f522d7ec,Grady-Diang
Sead Haksabanović,me MNE,"FW,MF",0,0,,,,,,,/en/players/d2fd7c14/Sead-Haksabanovic,d2fd7c14,Sead-Haksabanovic
Ben Johnson,eng ENG,DF,0,0,,,,,,,/en/players/9319781b/Ben-Johnson,9319781b,Ben-Johnso
Moses Makasi,eng ENG,MF,0,0,,,,,,,/en/players/4ae7add0/Moses-Makasi,4ae7add0,Moses-Makasi
Toni Martínez,es ESP,FW,0,0,,,,,,,/en/players/f3945e07/Toni-Martinez,f3945e07,Toni-Martinez
Josh Pask,eng ENG,DF,0,0,,,,,,,/en/players/ccd1bb4d/Josh-Pask,ccd1bb4d,Josh-Pask
Domingos Quina,pt POR,MF,0,0,,,,,,,/en/players/41fb0f4e/Domingos-Quina,41fb0f4e,Domingos-Qui
Nathan Trott,eng ENG,GK,0,0,,,,,,,/en/players/7494bea9/Nathan-Trott,7494bea9,Nathan-Trott
﻿2018-2019,West-Ham-United
Player,Nationality,Position,Game,Games Starts,Assists,Goals,Minutes,Minutes 90s,Yellow Card,Red Card,Link,Player_id,Player_name
﻿Łukasz Fabiański,pl POL,GK,38,38,0,0,"3,420",38.0,0,0,/en/players/9328b835/Lukasz-Fabianski,9328b835,Lukasz-Fabianski
Felipe Anderson,br BRA,MF,36,36,4,9,"3,043",33.8,3,0,/en/players/9f1893b9/Felipe-Anderson,9f1893b9,Felipe-Anderso
Declan Rice,eng ENG,MF,34,34,0,2,"3,003",33.4,4,0,/en/players/1c7012b8/Declan-Rice,1c7012b8,Declan-Ric
Issa Diop,fr FRA,DF,33,33,0,1,"2,970",33.0,4,0,/en/players/a712ca2b/Issa-Diop,712ca2b,Issa-Dio
Mark Noble,eng ENG,MF,31,29,5,5,"2,291",25.5,6,1,/en/players/ff527768/Mark-Noble,ff527768,Mark-Nob
Robert Snodgrass,sct SCO,MF,33,25,5,2,"2,220",24.7,10,0,/en/players/9f4647e9/Robert-Snodgrass,9f4647e9,Robert-Snodg
Marko Arnautović,at AUT,FW,28,24,4,10,"1,990",22.1,3,0,/en/players/00459419/Marko-Arnautovic,00459419,Marko-Arnautovic
Pablo Zabaleta,ar ARG,DF,26,23,1,0,"2,092",23.2,4,0,/en/players/6813ac34/Pablo-Zabaleta,6813ac34,Pablo-Zabalet
Fabián Balbuena,py PAR,DF,23,23,0,1,"2,013",22.4,2,0,/en/players/3626f7d9/Fabian-Balbuena,3626f7d9,Fabian-Balbu
Michail Antonio,jm JAM,"MF,FW",33,22,4,6,"2,103",23.4,3,0,/en/players/ac05f970/Michail-Antonio,c05f970,Michail-Antonio
Angelo Ogbonna,it ITA,DF,24,20,1,1,"1,874",20.8,2,0,/en/players/74b2cd7e/Angelo-Ogbonna,74b2cd7e,Angelo-Ogbo
Arthur Masuaku,cd COD,DF,23,19,1,0,"1,759",19.5,2,0,/en/players/57df7a11/Arthur-Masuaku,57df7a11,Arthur-Masuaku
Aaron Cresswell,eng ENG,DF,20,18,1,0,"1,589",17.7,1,0,/en/players/4f974391/Aaron-Cresswell,4f974391,Aaron-Cressw
Javier Hernández,mx MEX,FW,25,14,1,7,"1,334",14.8,2,0,/en/players/189cee7b/Javier-Hernandez,189cee7b,Javier-Hernandez
Pedro Obiang,gq EQG,MF,24,12,1,0,"1,128",12.5,0,0,/en/players/ba1e04b3/Pedro-Obiang,ba1e04b3,Pedro-Obiang
Ryan Fredericks,eng ENG,DF,15,12,0,1,"1,086",12.1,5,0,/en/players/c067631c/Ryan-Fredericks,c067631c,Ryan-Frederick
Manuel Lanzini,ar ARG,MF,10,8,1,1,686,7.6,2,0,/en/players/26f6dca8/Manuel-Lanzini,26f6dca8,Manuel-Lanzini
Grady Diangana,eng ENG,MF,17,6,1,0,609,6.8,0,0,/en/players/f522d7ec/Grady-Diangana,f522d7ec,Grady-Diang
Andriy Yarmolenko,ua UKR,"MF,FW",9,5,0,2,459,5.1,2,0,/en/players/849c826a/Andriy-Yarmolenko,849c826a,Andriy-Yarmolenko
Lucas Pérez,es ESP,"FW,MF",15,4,0,3,475,5.3,0,0,/en/players/a300ac7e/Lucas-Perez,300ac7e,Lucas-Perez
Jack Wilshere,eng ENG,MF,8,4,1,0,392,4.4,2,0,/en/players/9c318325/Jack-Wilshere,9c318325,Jack-Wilsh
Andy Carroll,eng ENG,FW,12,3,0,0,461,5.1,2,0,/en/players/b581987a/Andy-Carroll,b581987a,Andy-Carro
Samir Nasri,fr FRA,MF,5,3,2,0,245,2.7,0,0,/en/players/165bed61/Samir-Nasri,165bed61,Samir-Nasri
Carlos Sánchez,co COL,MF,7,2,0,0,245,2.7,0,0,/en/players/50b51fac/Carlos-Sanchez,50b51fac,Carlos-Sanchez
Ben Johnson,eng ENG,DF,1,1,0,0,62,0.7,0,0,/en/players/9319781b/Ben-Johnson,9319781b,Ben-Johnso
Xande Silva,pt POR,FW,1,0,0,0,18,0.2,0,0,/en/players/15d561fa/Xande-Silva,15d561fa,Xande-Silv
Adrián,es ESP,GK,0,0,,,,,,,/en/players/f76e6b4e/Adrian,f76e6b4e,Adri
Conor Coventry,ie IRL,MF,0,0,,,,,,,/en/players/a5ca9127/Conor-Coventry,5ca9127,Conor-Covent
Nathan Holland,eng ENG,"FW,MF",0,0,,,,,,,/en/players/45ab2170/Nathan-Holland,45ab2170,Nathan-Holland
Joe Powell,eng ENG,MF,0,0,,,,,,,/en/players/a0961a90/Joe-Powell,0961a90,Joe-Pow
﻿2019-2020,West-Ham-United
Player,Nationality,Position,Game,Games Starts,Assists,Goals,Minutes,Minutes 90s,Yellow Card,Red Card,Link,Player_id,Player_name
﻿Declan Rice,eng ENG,MF,38,38,3,1,"3,420",38.0,6,0,/en/players/1c7012b8/Declan-Rice,1c7012b8,Declan-Ric
Mark Noble,eng ENG,MF,33,32,3,4,"2,674",29.7,5,0,/en/players/ff527768/Mark-Noble,ff527768,Mark-Nob
Angelo Ogbonna,it ITA,DF,31,31,0,2,"2,786",31.0,4,0,/en/players/74b2cd7e/Angelo-Ogbonna,74b2cd7e,Angelo-Ogbo
Issa Diop,fr FRA,DF,32,31,1,3,"2,766",30.7,8,0,/en/players/a712ca2b/Issa-Diop,712ca2b,Issa-Dio
Aaron Cresswell,eng ENG,DF,31,31,0,3,"2,727",30.3,7,0,/en/players/4f974391/Aaron-Cresswell,4f974391,Aaron-Cressw
Ryan Fredericks,eng ENG,DF,27,25,3,0,"2,237",24.9,7,0,/en/players/c067631c/Ryan-Fredericks,c067631c,Ryan-Frederick
Łukasz Fabiański,pl POL,GK,25,25,0,0,"2,117",23.5,1,0,/en/players/9328b835/Lukasz-Fabianski,9328b835,Lukasz-Fabianski
Sébastien Haller,ci CIV,FW,32,24,1,7,"2,266",25.2,1,0,/en/players/ba115a40/Sebastien-Haller,ba115a40,Sebastien-H
Pablo Fornals,es ESP,MF,36,24,5,2,"2,172",24.1,3,0,/en/players/82927de4/Pablo-Fornals,82927de4,Pablo-Fo
Felipe Anderson,br BRA,"MF,FW",25,20,4,1,"1,497",16.6,1,0,/en/players/9f1893b9/Felipe-Anderson,9f1893b9,Felipe-Anderso
Michail Antonio,jm JAM,"FW,MF",24,19,3,10,"1,768",19.6,3,0,/en/players/ac05f970/Michail-Antonio,c05f970,Michail-Antonio
Robert Snodgrass,sct SCO,"MF,FW",24,17,5,5,"1,509",16.8,4,0,/en/players/9f4647e9/Robert-Snodgrass,9f4647e9,Robert-Snodg
Manuel Lanzini,ar ARG,"MF,FW",24,14,2,0,"1,379",15.3,1,0,/en/players/26f6dca8/Manuel-Lanzini,26f6dca8,Manuel-Lanzini
Fabián Balbuena,py PAR,DF,17,13,0,1,"1,177",13.1,2,0,/en/players/3626f7d9/Fabian-Balbuena,3626f7d9,Fabian-Balbu
Tomáš Souček,cz CZE,MF,13,12,0,3,"1,040",11.6,0,0,/en/players/6613c819/Tomas-Soucek,6613c819,Tomas-Soucek
Jarrod Bowen,eng ENG,MF,13,11,4,1,917,10.2,0,0,/en/players/79c84d1c/Jarrod-Bowen,79c84d1c,Jarrod-Bow
Andriy Yarmolenko,ua UKR,MF,23,10,1,5,991,11.0,2,0,/en/players/849c826a/Andriy-Yarmolenko,849c826a,Andriy-Yarmolenko
Arthur Masuaku,cd COD,DF,17,10,1,0,937,10.4,6,1,/en/players/57df7a11/Arthur-Masuaku,57df7a11,Arthur-Masuaku
Roberto,es ESP,GK,8,7,0,0,687,7.6,0,0,/en/players/ba3ca78f/Roberto,ba3ca78f,Roberto
Pablo Zabaleta,ar ARG,DF,10,6,0,0,592,6.6,2,0,/en/players/6813ac34/Pablo-Zabaleta,6813ac34,Pablo-Zabalet
Jeremy Ngakia,eng ENG,DF,5,5,0,0,440,4.9,0,0,/en/players/3631ad41/Jeremy-Ngakia,3631ad41,Jeremy-Ngaki
David Martin,eng ENG,GK,5,4,0,0,436,4.8,1,0,/en/players/07666c20/David-Martin,07666c20,David-Marti
Ben Johnson,eng ENG,DF,3,3,0,0,270,3.0,0,0,/en/players/9319781b/Ben-Johnson,9319781b,Ben-Johnso
Jack Wilshere,eng ENG,MF,8,2,0,0,215,2.4,0,0,/en/players/9c318325/Jack-Wilshere,9c318325,Jack-Wilsh
Darren Randolph,ie IRL,GK,2,2,0,0,180,2.0,0,0,/en/players/6385ebfb/Darren-Randolph,6385ebfb,Darren-Randolph
Carlos Sánchez,co COL,MF,6,1,0,0,117,1.3,0,0,/en/players/50b51fac/Carlos-Sanchez,50b51fac,Carlos-Sanchez
Javier Hernández,mx MEX,FW,2,1,0,1,107,1.2,0,0,/en/players/189cee7b/Javier-Hernandez,189cee7b,Javier-Hernandez
Albian Ajeti,ch SUI,FW,9,0,0,0,139,1.5,0,0,/en/players/2b1c4abd/Albian-Ajeti,2b1c4abd,Albian-Ajeti
Nathan Holland,eng ENG,MF,2,0,0,0,33,0.4,0,0,/en/players/45ab2170/Nathan-Holland,45ab2170,Nathan-Holland
Joseph Anang,eng ENG,GK,0,0,,,,,,,/en/players/21a866b7/Joseph-Anang,21a866b7,Joseph-Anang
Gonçalo Cardoso,pt POR,DF,0,0,,,,,,,/en/players/47760615/Goncalo-Cardoso,47760615,Goncalo-Cardoso
Conor Coventry,ie IRL,MF,0,0,,,,,,,/en/players/a5ca9127/Conor-Coventry,5ca9127,Conor-Covent
Bernardo Costa Da Rosa,br BRA,DF,0,0,,,,,,,/en/players/cd3112d5/Bernardo-Costa-Da-Rosa,cd3112d5,Bernardo-Costa-Da-Ro
Alfie Lewis,eng ENG,MF,0,0,,,,,,,/en/players/548e5d9f/Alfie-Lewis,548e5d9f,Alfie-Lewi
Winston Reid,nz NZL,DF,0,0,,,,,,,/en/players/562eed5c/Winston-Reid,562eed5c,Winston-Reid
Xande Silva,pt POR,"FW,MF",0,0,,,,,,,/en/players/15d561fa/Xande-Silva,15d561fa,Xande-Silv
﻿2020-2021,West-Ham-United
Player,Nationality,Position,Game,Games Starts,Assists,Goals,Minutes,Minutes 90s,Yellow Card,Red Card,Link,Player_id,Player_name
﻿Tomáš Souček,cz CZE,MF,38,38,1,10,"3,419",38.0,7,1,/en/players/6613c819/Tomas-Soucek,6613c819,Tomas-Soucek
Aaron Cresswell,eng ENG,DF,36,36,8,0,"3,170",35.2,3,0,/en/players/4f974391/Aaron-Cresswell,4f974391,Aaron-Cressw
Łukasz Fabiański,pl POL,GK,35,35,0,0,"3,150",35.0,2,0,/en/players/9328b835/Lukasz-Fabianski,9328b835,Lukasz-Fabianski
Vladimír Coufal,cz CZE,DF,34,34,7,0,"3,054",33.9,3,0,/en/players/fdf3cb77/Vladimir-Coufal,fdf3cb77,Vladimir-Couf
Declan Rice,eng ENG,MF,32,32,1,2,"2,879",32.0,2,0,/en/players/1c7012b8/Declan-Rice,1c7012b8,Declan-Ric
Pablo Fornals,es ESP,MF,33,31,4,5,"2,572",28.6,3,0,/en/players/82927de4/Pablo-Fornals,82927de4,Pablo-Fo
Jarrod Bowen,eng ENG,"MF,FW",38,30,5,8,"2,562",28.5,0,0,/en/players/79c84d1c/Jarrod-Bowen,79c84d1c,Jarrod-Bow
Angelo Ogbonna,it ITA,DF,28,28,0,3,"2,492",27.7,5,0,/en/players/74b2cd7e/Angelo-Ogbonna,74b2cd7e,Angelo-Ogbo
Michail Antonio,jm JAM,FW,26,24,5,10,"1,974",21.9,3,0,/en/players/ac05f970/Michail-Antonio,c05f970,Michail-Antonio
Craig Dawson,eng ENG,DF,22,22,0,3,"1,925",21.4,5,1,/en/players/3e9e06cb/Craig-Dawson,3e9e06cb,Craig-Dawso
Jesse Lingard,eng ENG,"MF,FW",16,16,4,9,"1,421",15.8,3,0,/en/players/810e3c74/Jesse-Lingard,810e3c74,Jesse-Lingard
Issa Diop,fr FRA,DF,18,15,0,2,"1,381",15.3,3,0,/en/players/a712ca2b/Issa-Diop,712ca2b,Issa-Dio
Saïd Benrahma,dz ALG,MF,30,14,6,1,"1,391",15.5,0,0,/en/players/5a04fd92/Said-Benrahma,5a04fd92,Said-Benrahm
Fabián Balbuena,py PAR,DF,14,13,0,1,"1,198",13.3,1,1,/en/players/3626f7d9/Fabian-Balbuena,3626f7d9,Fabian-Balbu
Arthur Masuaku,cd COD,"DF,MF",12,12,2,0,"1,006",11.2,2,0,/en/players/57df7a11/Arthur-Masuaku,57df7a11,Arthur-Masuaku
Sébastien Haller,ci CIV,FW,16,10,0,3,937,10.4,0,0,/en/players/ba115a40/Sebastien-Haller,ba115a40,Sebastien-H
Mark Noble,eng ENG,MF,21,8,0,0,712,7.9,1,0,/en/players/ff527768/Mark-Noble,ff527768,Mark-Nob
Ryan Fredericks,eng ENG,"DF,MF",14,6,1,1,569,6.3,2,0,/en/players/c067631c/Ryan-Fredericks,c067631c,Ryan-Frederick
Manuel Lanzini,ar ARG,MF,17,5,1,1,566,6.3,1,0,/en/players/26f6dca8/Manuel-Lanzini,26f6dca8,Manuel-Lanzini
Ben Johnson,eng ENG,"DF,MF",14,5,0,1,523,5.8,1,0,/en/players/9319781b/Ben-Johnson,9319781b,Ben-Johnso
Darren Randolph,ie IRL,GK,3,3,0,0,270,3.0,0,0,/en/players/6385ebfb/Darren-Randolph,6385ebfb,Darren-Randolph
Andriy Yarmolenko,ua UKR,"MF,FW",15,1,1,0,375,4.2,3,0,/en/players/849c826a/Andriy-Yarmolenko,849c826a,Andriy-Yarmolenko
Robert Snodgrass,sct SCO,MF,3,0,0,0,5,0.1,0,0,/en/players/9f4647e9/Robert-Snodgrass,9f4647e9,Robert-Snodg
Felipe Anderson,br BRA,MF,2,0,0,0,3,0.0,0,0,/en/players/9f1893b9/Felipe-Anderson,9f1893b9,Felipe-Anderso
Jamal Baptiste,eng ENG,DF,0,0,,,,,,,/en/players/41d3704d/Jamal-Baptiste,41d3704d,Jamal-Baptist
Conor Coventry,ie IRL,MF,0,0,,,,,,,/en/players/a5ca9127/Conor-Coventry,5ca9127,Conor-Covent
Frederik Ibsen,dk DEN,DF,0,0,,,,,,,/en/players/95827107/Frederik-Ibsen,95827107,Frederik-Ib
David Martin,eng ENG,GK,0,0,,,,,,,/en/players/07666c20/David-Martin,07666c20,David-Marti
Mipo Odubeko,ie IRL,FW,0,0,,,,,,,/en/players/dcba03f6/Mipo-Odubeko,dcba03f6,Mipo-Odubeko
Nathan Trott,eng ENG,GK,0,0,,,,,,,/en/players/7494bea9/Nathan-Trott,7494bea9,Nathan-Trott
﻿2021-2022,West-Ham-United
Player,Nationality,Position,Game,Games Starts,Assists,Goals,Minutes,Minutes 90s,Yellow Card,Red Card,Link,Player_id,Player_name
﻿Łukasz Fabiański,pl POL,GK,37,37,0,0,"3,330",37.0,2,0,/en/players/9328b835/Lukasz-Fabianski,9328b835,Lukasz-Fabianski
Declan Rice,eng ENG,MF,36,35,4,1,"3,179",35.3,8,0,/en/players/1c7012b8/Declan-Rice,1c7012b8,Declan-Ric
Tomáš Souček,cz CZE,MF,35,34,1,5,"3,062",34.0,3,0,/en/players/6613c819/Tomas-Soucek,6613c819,Tomas-Soucek
Jarrod Bowen,eng ENG,MF,36,34,10,12,"2,983",33.1,6,0,/en/players/79c84d1c/Jarrod-Bowen,79c84d1c,Jarrod-Bow
Michail Antonio,jm JAM,FW,36,34,8,10,"2,971",33.0,8,1,/en/players/ac05f970/Michail-Antonio,c05f970,Michail-Antonio
Pablo Fornals,es ESP,MF,36,32,3,6,"2,795",31.1,4,0,/en/players/82927de4/Pablo-Fornals,82927de4,Pablo-Fo
Aaron Cresswell,eng ENG,DF,31,31,3,2,"2,726",30.3,3,0,/en/players/4f974391/Aaron-Cresswell,4f974391,Aaron-Cressw
Craig Dawson,eng ENG,DF,34,30,2,2,"2,754",30.6,5,1,/en/players/3e9e06cb/Craig-Dawson,3e9e06cb,Craig-Dawso
Saïd Benrahma,dz ALG,MF,32,26,6,8,"2,168",24.1,0,0,/en/players/5a04fd92/Said-Benrahma,5a04fd92,Said-Benrahm
Vladimír Coufal,cz CZE,DF,28,25,4,0,"2,209",24.5,5,1,/en/players/fdf3cb77/Vladimir-Coufal,fdf3cb77,Vladimir-Couf
Kurt Zouma,fr FRA,DF,24,24,0,1,"2,078",23.1,1,0,/en/players/ce4246f5/Kurt-Zouma,ce4246f5,Kurt-Zoum
Manuel Lanzini,ar ARG,MF,30,19,3,5,"1,786",19.8,2,0,/en/players/26f6dca8/Manuel-Lanzini,26f6dca8,Manuel-Lanzini
Ben Johnson,eng ENG,DF,20,16,0,1,"1,397",15.5,1,0,/en/players/9319781b/Ben-Johnson,9319781b,Ben-Johnso
Angelo Ogbonna,it ITA,DF,11,11,0,1,921,10.2,1,0,/en/players/74b2cd7e/Angelo-Ogbonna,74b2cd7e,Angelo-Ogbo
Issa Diop,fr FRA,DF,13,10,1,0,963,10.7,0,0,/en/players/a712ca2b/Issa-Diop,712ca2b,Issa-Dio
Arthur Masuaku,cd COD,"DF,MF",13,6,1,1,650,7.2,1,0,/en/players/57df7a11/Arthur-Masuaku,57df7a11,Arthur-Masuaku
Nikola Vlašić,hr CRO,MF,19,6,0,1,560,6.2,0,0,/en/players/aa8e289e/Nikola-Vlasic,8e289e,Nikola-Vlasic
Mark Noble,eng ENG,MF,11,3,0,1,332,3.7,0,0,/en/players/ff527768/Mark-Noble,ff527768,Mark-Nob
Ryan Fredericks,eng ENG,DF,7,3,0,0,307,3.4,1,0,/en/players/c067631c/Ryan-Fredericks,c067631c,Ryan-Frederick
Andriy Yarmolenko,ua UKR,"MF,FW",19,1,0,1,316,3.5,1,0,/en/players/849c826a/Andriy-Yarmolenko,849c826a,Andriy-Yarmolenko
Alphonse Areola,fr FRA,GK,1,1,0,0,90,1.0,0,0,/en/players/2f965a72/Alphonse-Areola,2f965a72,Alphonse-Areo
Harrison Ashby,sct SCO,DF,1,0,0,0,7,0.1,0,0,/en/players/b391383a/Harrison-Ashby,b391383a,Harrison-Ashb
Sonny Perkins,eng ENG,FW,1,0,0,0,4,0.0,0,0,/en/players/87f12e30/Sonny-Perkins,87f12e30,Sonny-Perki
Daniel Chesters,eng ENG,MF,1,0,0,0,1,0.0,0,0,/en/players/240c8ab6/Daniel-Chesters,240c8ab6,Daniel-Chest
Alex Král,cz CZE,MF,1,0,0,0,1,0.0,0,0,/en/players/e717705a/Alex-Kral,717705a,Alex-K
Ajibola Alese,eng ENG,DF,0,0,,,,,,,/en/players/182a8b9d/Ajibola-Alese,182a8b9d,Ajibola-A
Jamal Baptiste,eng ENG,DF,0,0,,,,,,,/en/players/41d3704d/Jamal-Baptiste,41d3704d,Jamal-Baptist
Conor Coventry,ie IRL,MF,0,0,,,,,,,/en/players/a5ca9127/Conor-Coventry,5ca9127,Conor-Covent
Pierre Ekwah Elimby,fr FRA,MF,0,0,,,,,,,/en/players/830371be/Pierre-Ekwah-Elimby,830371be,Pierre-Ekwah-Elimb
Armstrong Okoflex,ie IRL,MF,0,0,,,,,,,/en/players/ab77d10d/Armstrong-Okoflex,b77d10d,Armstrong-Okoflex
Darren Randolph,ie IRL,GK,0,0,,,,,,,/en/players/6385ebfb/Darren-Randolph,6385ebfb,Darren-Randolph
