2002-2003,Sheffield-United
Player,Nationality,Position,Game,Games Starts,Assists,Goals,Minutes,Minutes 90s,Yellow Card,Red Card,Link,Player_id,Player_name
﻿Paddy Kenny,ie IRL,GK,45,45,0,0,"4,050",45.0,2,0,/en/players/b03eb26c/Paddy-Kenny,b03eb26c,Paddy-K
Shaun Murphy,au AUS,DF,43,42,3,2,"3,736",41.5,5,0,/en/players/6e8754f1/Shaun-Murphy,6e8754f1,Shaun-Murph
Phil Jagielka,eng ENG,"DF,MF",42,41,1,0,"3,625",40.3,3,1,/en/players/3233eefd/Phil-Jagielka,3233eefd,Phil-Jagielk
Michael Tonge,eng ENG,MF,44,40,8,6,"3,608",40.1,6,0,/en/players/046f30a8/Michael-Tonge,046f30a8,Michael-Tong
Michael Brown,eng ENG,MF,40,39,2,16,"3,422",38.0,8,0,/en/players/85543572/Michael-Brown,85543572,Michael-Brow
Rob Page,wls WAL,DF,34,33,0,0,"2,942",32.7,6,0,/en/players/c7ce978a/Rob-Page,c7ce978a,Rob-Pag
Steve Kabba,eng ENG,FW,42,32,7,14,"2,806",31.2,6,0,/en/players/c31546c7/Steve-Kabba,c31546c7,Steve-Kabb
Stuart McCall,sct SCO,MF,34,32,1,0,"2,655",29.5,5,0,/en/players/e935fea0/Stuart-McCall,935fea0,Stuart-McC
Peter Ndlovu,zw ZIM,FW,39,30,4,8,"2,783",30.9,3,1,/en/players/1adcef64/Peter-Ndlovu,1adcef64,Peter-Ndlovu
Rob Kozluk,eng ENG,DF,32,29,0,1,"2,641",29.3,1,0,/en/players/9c6a1f88/Rob-Kozluk,9c6a1f88,Rob-Kozluk
Dean Windass,eng ENG,"FW,MF",20,20,4,6,"1,504",16.7,3,0,/en/players/5d318f2d/Dean-Windass,5d318f2d,Dean-Wind
Carl Asaba,eng ENG,FW,28,16,2,11,"1,652",18.4,0,0,/en/players/1f0f7f21/Carl-Asaba,1f0f7f21,Carl-Asab
Mark Rankine,eng ENG,MF,25,16,0,0,"1,497",16.6,1,1,/en/players/bc19f7b4/Mark-Rankine,bc19f7b4,Mark-Ranki
Wayne Allison,eng ENG,FW,34,15,0,6,"1,516",16.8,0,0,/en/players/452a0d3c/Wayne-Allison,452a0d3c,Wayne-Alliso
Nick Montgomery,sct SCO,MF,23,15,1,0,"1,369",15.2,1,0,/en/players/72d237e2/Nick-Montgomery,72d237e2,Nick-Montgom
Robert Ullathorne,eng ENG,DF,12,12,1,0,989,11.0,3,0,/en/players/c251e372/Robert-Ullathorne,c251e372,Robert-Ullatho
Steve Yates,eng ENG,DF,12,11,0,0,966,10.7,0,0,/en/players/5645fac6/Steve-Yates,5645fac6,Steve-Yat
Jon-Paul McGovern,sct SCO,MF,15,11,0,1,822,9.1,0,0,/en/players/9e315cf8/Jon-Paul-McGovern,9e315cf8,Jon-Paul-McGov
John Curtis,eng ENG,DF,12,9,0,0,864,9.6,0,0,/en/players/3edb83bf/John-Curtis,3edb83bf,John-Curti
Jon Harley,eng ENG,DF,9,8,0,1,727,8.1,2,1,/en/players/1c85d7f3/Jon-Harley,1c85d7f3,Jon-H
Iffy Onuora,sct SCO,FW,7,7,1,1,518,5.8,1,0,/en/players/f3d0c307/Iffy-Onuora,f3d0c307,Iffy-Onuo
Wayne Quinn,eng ENG,DF,6,6,0,0,492,5.5,2,1,/en/players/3611e81e/Wayne-Quinn,3611e81e,Wayne-Qui
Paul Peschisolido,ca CAN,FW,24,5,1,3,681,7.6,3,0,/en/players/b3255357/Paul-Peschisolido,b3255357,Paul-Peschisolido
Marcel Cas,nl NED,MF,6,3,0,0,328,3.6,0,0,/en/players/1f090b09/Marcel-Cas,1f090b09,Marcel-C
Owen Morrison,nir NIR,MF,9,3,1,0,327,3.6,0,0,/en/players/572e5065/Owen-Morrison,572e5065,Owen-Morriso
Ben Doane,eng ENG,DF,5,2,0,0,227,2.5,0,0,/en/players/6930e9b9/Ben-Doane,6930e9b9,Ben-Do
Jean-Philippe Javary,fr FRA,MF,6,2,0,0,217,2.4,0,0,/en/players/e5c469ef/Jean-Philippe-Javary,5c469ef,Jean-Philippe-Jav
Gary Kelly,ie IRL,GK,1,1,0,0,90,1.0,0,0,/en/players/8dfd6a1d/Gary-Kelly,8dfd6a1d,Gary-K
Grant Smith,sct SCO,"GK,MF",3,1,0,0,47,0.5,0,0,/en/players/d3b9ba5a/Grant-Smith,d3b9ba5a,Grant-Smith
Colin Cryan,ie IRL,DF,2,0,0,0,25,0.3,0,0,/en/players/518bddba/Colin-Cryan,518bddba,Colin-C
Richard Edghill,eng ENG,DF,1,0,0,0,19,0.2,0,0,/en/players/8f8263f1/Richard-Edghill,8f8263f1,Richard-Edghi
﻿2003-2004,Sheffield-United
Player,Nationality,Position,Game,Games Starts,Assists,Goals,Minutes,Minutes 90s,Yellow Card,Red Card,Link,Player_id,Player_name
﻿Michael Tonge,eng ENG,MF,46,46,11,4,"4,119",45.8,5,0,/en/players/046f30a8/Michael-Tonge,046f30a8,Michael-Tong
Phil Jagielka,eng ENG,"DF,MF",43,43,6,3,"3,870",43.0,2,0,/en/players/3233eefd/Phil-Jagielka,3233eefd,Phil-Jagielk
Rob Kozluk,eng ENG,DF,42,42,1,1,"3,717",41.3,7,0,/en/players/9c6a1f88/Rob-Kozluk,9c6a1f88,Rob-Kozluk
Stuart McCall,sct SCO,MF,37,37,5,2,"3,080",34.2,3,0,/en/players/e935fea0/Stuart-McCall,935fea0,Stuart-McC
Nick Montgomery,sct SCO,MF,36,33,2,3,"2,674",29.7,5,0,/en/players/72d237e2/Nick-Montgomery,72d237e2,Nick-Montgom
Chris Morgan,eng ENG,DF,32,32,0,1,"2,778",30.9,6,1,/en/players/1af5f23a/Chris-Morgan,1af5f23a,Chris-Morg
Rob Page,wls WAL,DF,30,30,0,1,"2,639",29.3,6,0,/en/players/c7ce978a/Rob-Page,c7ce978a,Rob-Pag
Peter Ndlovu,zw ZIM,FW,36,30,2,9,"2,495",27.7,3,0,/en/players/1adcef64/Peter-Ndlovu,1adcef64,Peter-Ndlovu
Jack Lester,eng ENG,FW,32,28,2,12,"2,124",23.6,5,0,/en/players/81ecddc6/Jack-Lester,81ecddc6,Jack-Lest
Paddy Kenny,ie IRL,GK,27,27,0,0,"2,385",26.5,3,0,/en/players/b03eb26c/Paddy-Kenny,b03eb26c,Paddy-K
Ashley Ward,eng ENG,FW,23,21,2,4,"1,756",19.5,7,0,/en/players/3df77824/Ashley-Ward,3df77824,Ashley-Ward
Alan Wright,eng ENG,DF,21,20,1,1,"1,865",20.7,2,0,/en/players/df6cf3fe/Alan-Wright,df6cf3fe,Alan-Wright
Paul Gerrard,eng ENG,GK,16,16,0,0,"1,440",16.0,0,0,/en/players/fb9646e3/Paul-Gerrard,fb9646e3,Paul-Gerrard
Wayne Allison,eng ENG,FW,39,14,2,1,"1,496",16.6,1,0,/en/players/452a0d3c/Wayne-Allison,452a0d3c,Wayne-Alliso
Andy Gray,sct SCO,FW,14,14,2,9,"1,217",13.5,1,0,/en/players/54a44102/Andy-Gray,54a44102,Andy-G
Michael Brown,eng ENG,MF,15,14,0,2,"1,199",13.3,1,2,/en/players/85543572/Michael-Brown,85543572,Michael-Brow
Paul Peschisolido,ca CAN,FW,27,13,1,8,"1,244",13.8,1,0,/en/players/b3255357/Paul-Peschisolido,b3255357,Paul-Peschisolido
Mike Whitlow,eng ENG,DF,17,13,0,1,"1,198",13.3,7,1,/en/players/9d3d5f5d/Mike-Whitlow,9d3d5f5d,Mike-Whitlow
Mark Rankine,eng ENG,MF,13,5,0,0,566,6.3,0,0,/en/players/bc19f7b4/Mark-Rankine,bc19f7b4,Mark-Ranki
Jon Harley,eng ENG,DF,5,5,0,0,399,4.4,2,0,/en/players/1c85d7f3/Jon-Harley,1c85d7f3,Jon-H
Chris Armstrong,eng ENG,"DF,MF",12,4,1,1,570,6.3,0,0,/en/players/0eb69685/Chris-Armstrong,0eb69685,Chris-Armstrong
Paul Shaw,eng ENG,"FW,MF",13,4,0,1,436,4.8,0,0,/en/players/26828c9a/Paul-Shaw,26828c9a,Paul-Shaw
Simon Francis,eng ENG,DF,5,4,0,0,358,4.0,1,0,/en/players/1e0b6a73/Simon-Francis,1e0b6a73,Simon-Franci
Carl Robinson,wls WAL,MF,5,4,0,0,342,3.8,0,0,/en/players/9e083748/Carl-Robinson,9e083748,Carl-Robinso
Andy Parkinson,eng ENG,MF,7,3,0,0,268,3.0,1,0,/en/players/787e3fc7/Andy-Parkinson,787e3fc7,Andy-Parkinso
Dries Boussatta,nl NED,"FW,MF",6,3,0,0,243,2.7,0,0,/en/players/b1f49154/Dries-Boussatta,b1f49154,Dries-Boussatt
Alan Fettis,nir NIR,GK,3,2,0,0,225,2.5,0,0,/en/players/d9079df2/Alan-Fettis,d9079df2,Alan-Fetti
Dean Sturridge,eng ENG,FW,4,2,1,0,138,1.5,0,0,/en/players/70e13fa1/Dean-Sturridge,70e13fa1,Dean-Sturridg
Izale McLeod,eng ENG,FW,7,1,1,0,220,2.4,2,0,/en/players/d95b933e/Izale-McLeod,d95b933e,Izale-McLeod
Jonathan Forte,bb BRB,"FW,MF",7,1,0,0,199,2.2,0,0,/en/players/203d94d6/Jonathan-Forte,203d94d6,Jonathan-Fort
﻿2004-2005,Sheffield-United
Player,Nationality,Position,Game,Games Starts,Assists,Goals,Minutes,Minutes 90s,Yellow Card,Red Card,Link,Player_id,Player_name
﻿Leigh Bromby,eng ENG,DF,46,46,3,5,"4,140",46.0,4,0,/en/players/7e29cbe2/Leigh-Bromby,7e29cbe2,Leigh-Bromb
Phil Jagielka,eng ENG,"DF,MF",46,46,2,0,"4,064",45.2,1,1,/en/players/3233eefd/Phil-Jagielka,3233eefd,Phil-Jagielk
Jon Harley,eng ENG,DF,44,44,4,2,"3,953",43.9,8,0,/en/players/1c85d7f3/Jon-Harley,1c85d7f3,Jon-H
Andy Gray,sct SCO,FW,43,41,1,15,"3,529",39.2,1,1,/en/players/54a44102/Andy-Gray,54a44102,Andy-G
Paddy Kenny,ie IRL,GK,40,40,0,0,"3,600",40.0,1,1,/en/players/b03eb26c/Paddy-Kenny,b03eb26c,Paddy-K
Chris Morgan,eng ENG,DF,41,40,1,2,"3,494",38.8,7,1,/en/players/1af5f23a/Chris-Morgan,1af5f23a,Chris-Morg
Alan Quinn,ie IRL,MF,43,38,3,7,"3,304",36.7,8,1,/en/players/6e0e47a6/Alan-Quinn,6e0e47a6,Alan-Qui
Michael Tonge,eng ENG,MF,34,33,4,2,"2,805",31.2,5,0,/en/players/046f30a8/Michael-Tonge,046f30a8,Michael-Tong
Danny Webber,eng ENG,FW,35,30,3,15,"2,724",30.3,0,0,/en/players/046789e9/Danny-Webber,046789e9,Danny-Webb
Andy Liddell,sct SCO,"FW,MF",33,26,8,3,"2,360",26.2,0,0,/en/players/3d58e4b8/Andy-Liddell,3d58e4b8,Andy-Lidd
Paul Shaw,eng ENG,"FW,MF",30,25,0,9,"2,157",24.0,0,0,/en/players/26828c9a/Paul-Shaw,26828c9a,Paul-Shaw
Paul Thirlwell,eng ENG,MF,30,24,0,1,"2,228",24.8,4,0,/en/players/3f658e48/Paul-Thirlwell,3f658e48,Paul-Thirlw
Nick Montgomery,sct SCO,MF,25,16,1,1,"1,414",15.7,2,0,/en/players/72d237e2/Nick-Montgomery,72d237e2,Nick-Montgom
Derek Geary,ie IRL,DF,19,15,0,1,"1,391",15.5,3,0,/en/players/fa9f1e42/Derek-Geary,fa9f1e42,Derek-G
Danny Cadamarteri,eng ENG,FW,21,14,1,1,"1,277",14.2,1,0,/en/players/ade643d3/Danny-Cadamarteri,de643d3,Danny-Cadamarteri
Alan Wright,eng ENG,DF,14,11,0,0,977,10.9,0,0,/en/players/df6cf3fe/Alan-Wright,df6cf3fe,Alan-Wright
Rob Kozluk,eng ENG,DF,9,9,1,0,784,8.7,0,0,/en/players/9c6a1f88/Rob-Kozluk,9c6a1f88,Rob-Kozluk
Steve Kabba,eng ENG,FW,11,6,0,2,558,6.2,2,0,/en/players/c31546c7/Steve-Kabba,c31546c7,Steve-Kabb
Ashley Ward,eng ENG,FW,10,5,0,1,523,5.8,1,0,/en/players/3df77824/Ashley-Ward,3df77824,Ashley-Ward
Tommy Black,eng ENG,MF,4,3,0,1,259,2.9,0,0,/en/players/e2e330d1/Tommy-Black,2e330d1,Tommy-Black
Simon Francis,eng ENG,DF,6,2,0,0,167,1.9,0,0,/en/players/1e0b6a73/Simon-Francis,1e0b6a73,Simon-Franci
Jonathan Forte,bb BRB,"FW,MF",22,1,0,1,458,5.1,0,0,/en/players/203d94d6/Jonathan-Forte,203d94d6,Jonathan-Fort
Luke Beckett,eng ENG,FW,5,1,0,0,118,1.3,0,0,/en/players/1f7212d6/Luke-Beckett,1f7212d6,Luke-Beckett
Phil Barnes,eng ENG,GK,1,1,0,0,90,1.0,0,0,/en/players/2997e705/Phil-Barnes,2997e705,Phil-B
﻿2005-2006,Sheffield-United
Player,Nationality,Position,Game,Games Starts,Assists,Goals,Minutes,Minutes 90s,Yellow Card,Red Card,Link,Player_id,Player_name
﻿Phil Jagielka,eng ENG,"DF,MF",46,46,3,8,"4,140",46.0,2,0,/en/players/3233eefd/Phil-Jagielka,3233eefd,Phil-Jagielk
Paddy Kenny,ie IRL,GK,46,46,0,0,"4,140",46.0,2,0,/en/players/b03eb26c/Paddy-Kenny,b03eb26c,Paddy-K
Chris Morgan,eng ENG,DF,39,37,4,4,"3,351",37.2,8,1,/en/players/1af5f23a/Chris-Morgan,1af5f23a,Chris-Morg
Leigh Bromby,eng ENG,DF,35,35,0,1,"3,055",33.9,6,0,/en/players/7e29cbe2/Leigh-Bromby,7e29cbe2,Leigh-Bromb
Nick Montgomery,sct SCO,MF,39,34,0,1,"2,984",33.2,5,0,/en/players/72d237e2/Nick-Montgomery,72d237e2,Nick-Montgom
Neil Shipperley,eng ENG,FW,39,34,0,11,"2,722",30.2,2,0,/en/players/82dabdf3/Neil-Shipperley,82dabdf3,Neil-Shi
David Unsworth,eng ENG,DF,34,33,4,4,"2,742",30.5,10,1,/en/players/05fcbb55/David-Unsworth,05fcbb55,David-Unsworth
Paul Ifill,bb BRB,"FW,MF",39,28,5,9,"2,356",26.2,0,0,/en/players/856de241/Paul-Ifill,856de241,Paul-Ifi
Danny Webber,eng ENG,FW,35,24,6,10,"2,270",25.2,2,0,/en/players/046789e9/Danny-Webber,046789e9,Danny-Webb
Alan Quinn,ie IRL,MF,27,23,4,4,"2,052",22.8,3,0,/en/players/6e0e47a6/Alan-Quinn,6e0e47a6,Alan-Qui
Michael Tonge,eng ENG,MF,30,23,4,3,"2,028",22.5,4,0,/en/players/046f30a8/Michael-Tonge,046f30a8,Michael-Tong
Steve Kabba,eng ENG,FW,34,21,4,9,"1,970",21.9,2,0,/en/players/c31546c7/Steve-Kabba,c31546c7,Steve-Kabb
Rob Kozluk,eng ENG,DF,27,21,0,0,"1,939",21.5,3,0,/en/players/9c6a1f88/Rob-Kozluk,9c6a1f88,Rob-Kozluk
Chris Armstrong,eng ENG,"DF,MF",24,21,3,2,"1,889",21.0,3,0,/en/players/0eb69685/Chris-Armstrong,0eb69685,Chris-Armstrong
Craig Short,eng ENG,DF,23,20,1,0,"1,816",20.2,1,0,/en/players/ff7178f7/Craig-Short,ff7178f7,Craig-Short
Derek Geary,ie IRL,DF,20,17,3,0,"1,586",17.6,5,0,/en/players/fa9f1e42/Derek-Geary,fa9f1e42,Derek-G
Bruce Dyer,eng ENG,FW,26,14,0,3,"2,236",24.8,2,0,/en/players/7d5f8f39/Bruce-Dyer,7d5f8f39,Bruce-D
Alan Wright,eng ENG,DF,13,13,0,0,951,10.6,2,0,/en/players/df6cf3fe/Alan-Wright,df6cf3fe,Alan-Wright
Ade Akinbiyi,ng NGA,FW,15,10,1,3,991,11.0,1,0,/en/players/6a723914/Ade-Akinbiyi,6a723914,Ade-Akinbiyi
Keith Gillespie,nir NIR,"FW,MF",30,8,3,0,"1,060",11.8,1,0,/en/players/012f440e/Keith-Gillespie,012f440e,Keith-Gillespi
Garry Flitcroft,eng ENG,MF,6,3,0,0,218,2.4,0,0,/en/players/dc6356ad/Garry-Flitcroft,dc6356ad,Garry-Flitcroft
Neill Collins,sct SCO,DF,2,2,0,0,180,2.0,0,0,/en/players/91ff7e1e/Neill-Collins,91ff7e1e,Neill-Colli
Geoff Horsfield,eng ENG,FW,3,1,0,0,93,1.0,0,0,/en/players/eb3a9b6d/Geoff-Horsfield,b3a9b6d,Geoff-Horsfield
Jonathan Forte,bb BRB,"FW,MF",1,0,0,0,45,0.5,0,0,/en/players/203d94d6/Jonathan-Forte,203d94d6,Jonathan-Fort
﻿2006-2007,Sheffield-United
Player,Nationality,Position,Game,Games Starts,Assists,Goals,Minutes,Minutes 90s,Yellow Card,Red Card,Link,Player_id,Player_name
﻿Phil Jagielka,eng ENG,"DF,MF",38,38,1,4,"3,420",38.0,4,0,/en/players/3233eefd/Phil-Jagielka,3233eefd,Phil-Jagielk
Paddy Kenny,ie IRL,GK,34,34,0,0,"3,032",33.7,4,0,/en/players/b03eb26c/Paddy-Kenny,b03eb26c,Paddy-K
Rob Hulse,eng ENG,FW,29,28,1,8,"2,452",27.2,6,0,/en/players/edaf9ca0/Rob-Hulse,daf9ca0,Rob-Hu
Keith Gillespie,nir NIR,"FW,MF",31,27,2,2,"2,390",26.6,2,1,/en/players/012f440e/Keith-Gillespie,012f440e,Keith-Gillespi
Derek Geary,ie IRL,DF,26,26,3,0,"2,221",24.7,4,0,/en/players/fa9f1e42/Derek-Geary,fa9f1e42,Derek-G
Chris Armstrong,eng ENG,"DF,MF",27,24,0,0,"2,212",24.6,2,0,/en/players/0eb69685/Chris-Armstrong,0eb69685,Chris-Armstrong
Michael Tonge,eng ENG,MF,27,23,0,2,"2,014",22.4,6,0,/en/players/046f30a8/Michael-Tonge,046f30a8,Michael-Tong
Nick Montgomery,sct SCO,MF,26,22,4,0,"1,989",22.1,7,0,/en/players/72d237e2/Nick-Montgomery,72d237e2,Nick-Montgom
Chris Morgan,eng ENG,DF,24,21,1,1,"2,031",22.6,6,0,/en/players/1af5f23a/Chris-Morgan,1af5f23a,Chris-Morg
Claude Davis,jm JAM,DF,21,18,0,0,"1,496",16.6,3,1,/en/players/c06dc9f6/Claude-Davis,c06dc9f6,Claude-Davi
Rob Kozluk,eng ENG,DF,19,17,0,0,"1,489",16.5,4,0,/en/players/9c6a1f88/Rob-Kozluk,9c6a1f88,Rob-Kozluk
Mikele Leigertwood,ag ATG,"DF,MF",19,16,1,0,"1,409",15.7,3,0,/en/players/3cd9228b/Mikele-Leigertwood,3cd9228b,Mikele-Leigertwood
Colin Kazim-Richards,tr TUR,"FW,MF",27,15,3,1,"1,502",16.7,2,0,/en/players/ca9e7345/Colin-Kazim-Richards,ca9e7345,Colin-Kazim-Richard
Stephen Quinn,ie IRL,"FW,MF",15,15,2,2,"1,207",13.4,0,0,/en/players/9ff17f6f/Stephen-Quinn,9ff17f6f,Stephen-Qui
Danny Webber,eng ENG,FW,21,13,0,3,"1,151",12.8,0,0,/en/players/046789e9/Danny-Webber,046789e9,Danny-Webb
Leigh Bromby,eng ENG,DF,17,12,0,0,"1,139",12.7,5,0,/en/players/7e29cbe2/Leigh-Bromby,7e29cbe2,Leigh-Bromb
Jon Stead,eng ENG,FW,14,12,0,5,"1,065",11.8,2,0,/en/players/aba66ab7/Jon-Stead,ba66ab7,Jon-Stead
Alan Quinn,ie IRL,MF,19,11,1,0,970,10.8,1,0,/en/players/6e0e47a6/Alan-Quinn,6e0e47a6,Alan-Qui
Chris Lucketti,eng ENG,DF,8,8,0,0,662,7.4,1,0,/en/players/50db99da/Chris-Lucketti,50db99da,Chris-Lucketti
Christian Nadé,fr FRA,FW,25,7,1,3,915,10.2,2,0,/en/players/2f8d9f6a/Christian-Nade,2f8d9f6a,Christian-Nad
Matthew Kilgallon,eng ENG,DF,6,6,0,0,540,6.0,0,0,/en/players/7c6a3c44/Matthew-Kilgallon,7c6a3c44,Matthew-Kilgallo
David Unsworth,eng ENG,DF,5,5,,0,375,4.2,1,0,/en/players/05fcbb55/David-Unsworth,05fcbb55,David-Unsworth
David Sommeil,gp GLP,DF,5,4,0,0,328,3.6,1,0,/en/players/f4c68930/David-Sommeil,f4c68930,David-Sommei
Paul Ifill,bb BRB,"FW,MF",3,3,,0,166,1.8,0,0,/en/players/856de241/Paul-Ifill,856de241,Paul-Ifi
Nicky Law,eng ENG,MF,3,2,0,0,210,2.3,0,0,/en/players/d12df9fe/Nicky-Law,d12df9fe,Nicky-Law
Ahmed Fathy,eg EGY,"DF,MF",3,2,0,0,198,2.2,0,0,/en/players/c3c1b5de/Ahmed-Fathy,c3c1b5de,Ahmed-Fath
Luton Shelton,jm JAM,"FW,MF",3,2,0,0,192,2.1,1,0,/en/players/d9ee809d/Luton-Shelton,d9ee809d,Luton-Shelto
Ade Akinbiyi,ng NGA,FW,3,2,1,0,184,2.0,0,0,/en/players/6a723914/Ade-Akinbiyi,6a723914,Ade-Akinbiyi
Ian Bennett,eng ENG,GK,2,2,0,0,180,2.0,0,0,/en/players/28d29138/Ian-Bennett,28d29138,Ian-Bennett
Paul Gerrard,eng ENG,GK,2,2,0,0,180,2.0,0,0,/en/players/fb9646e3/Paul-Gerrard,fb9646e3,Paul-Gerrard
Alan Wright,eng ENG,DF,1,1,0,0,90,1.0,0,0,/en/players/df6cf3fe/Alan-Wright,df6cf3fe,Alan-Wright
Steve Kabba,eng ENG,FW,7,0,2,0,121,1.3,0,0,/en/players/c31546c7/Steve-Kabba,c31546c7,Steve-Kabb
﻿2007-2008,Sheffield-United
Player,Nationality,Position,Game,Games Starts,Assists,Goals,Minutes,Minutes 90s,Yellow Card,Red Card,Link,Player_id,Player_name
﻿Paddy Kenny,ie IRL,GK,40,40,0,0,"3,548",39.4,1,0,/en/players/b03eb26c/Paddy-Kenny,b03eb26c,Paddy-K
Matthew Kilgallon,eng ENG,DF,40,39,0,2,"3,571",39.7,1,0,/en/players/7c6a3c44/Matthew-Kilgallon,7c6a3c44,Matthew-Kilgallo
Gary Naysmith,sct SCO,"DF,MF",38,38,0,0,"3,332",37.0,4,0,/en/players/71cbf286/Gary-Naysmith,71cbf286,Gary-Naysmith
Michael Tonge,eng ENG,MF,45,37,3,1,"3,410",37.9,5,0,/en/players/046f30a8/Michael-Tonge,046f30a8,Michael-Tong
James Beattie,eng ENG,FW,39,36,3,22,"3,011",33.5,2,0,/en/players/7c881089/James-Beattie,7c881089,James-Beatti
Chris Armstrong,eng ENG,"DF,MF",32,27,2,3,"2,524",28.0,4,0,/en/players/0eb69685/Chris-Armstrong,0eb69685,Chris-Armstrong
Chris Morgan,eng ENG,DF,25,25,1,2,"2,172",24.1,7,2,/en/players/1af5f23a/Chris-Morgan,1af5f23a,Chris-Morg
Keith Gillespie,nir NIR,"FW,MF",35,23,3,2,"2,021",22.5,2,0,/en/players/012f440e/Keith-Gillespie,012f440e,Keith-Gillespi
Billy Sharp,eng ENG,FW,29,21,3,4,"1,875",20.8,2,0,/en/players/e8c9f4e9/Billy-Sharp,8c9f4e9,Billy-Sh
Gary Speed,wls WAL,MF,20,20,1,3,"1,702",18.9,3,0,/en/players/5ca13d11/Gary-Speed,5ca13d11,Gary-Speed
Derek Geary,ie IRL,DF,21,19,0,0,"1,711",19.0,2,1,/en/players/fa9f1e42/Derek-Geary,fa9f1e42,Derek-G
Nick Montgomery,sct SCO,MF,20,18,0,0,"1,542",17.1,0,0,/en/players/72d237e2/Nick-Montgomery,72d237e2,Nick-Montgom
David Carney,au AUS,"DF,MF",21,18,2,2,"1,501",16.7,1,0,/en/players/f3041886/David-Carney,f3041886,David-C
Gary Cahill,eng ENG,DF,16,16,0,2,"1,440",16.0,3,0,/en/players/7914b9fe/Gary-Cahill,7914b9fe,Gary-Cahi
Phil Bardsley,sct SCO,DF,16,16,1,0,"1,428",15.9,4,0,/en/players/1ae30132/Phil-Bardsley,1ae30132,Phil-Bard
Stephen Quinn,ie IRL,"FW,MF",19,15,1,2,"1,346",15.0,0,1,/en/players/9ff17f6f/Stephen-Quinn,9ff17f6f,Stephen-Qui
David Cotterill,wls WAL,"FW,MF",16,15,2,0,"1,232",13.7,1,0,/en/players/7b6f3a36/David-Cotterill,7b6f3a36,David-Cotteri
Jon Stead,eng ENG,FW,24,12,1,3,"1,226",13.6,2,0,/en/players/aba66ab7/Jon-Stead,ba66ab7,Jon-Stead
Leigh Bromby,eng ENG,DF,11,11,0,0,979,10.9,1,0,/en/players/7e29cbe2/Leigh-Bromby,7e29cbe2,Leigh-Bromb
Rob Hulse,eng ENG,FW,21,10,1,0,"1,090",12.1,3,0,/en/players/edaf9ca0/Rob-Hulse,daf9ca0,Rob-Hu
Danny Webber,eng ENG,FW,14,8,1,3,792,8.8,1,0,/en/players/046789e9/Danny-Webber,046789e9,Danny-Webb
Lee Hendrie,eng ENG,MF,12,7,1,1,534,5.9,5,0,/en/players/8716663c/Lee-Hendrie,8716663c,Lee-Hendri
Ian Bennett,eng ENG,GK,7,6,0,0,592,6.6,0,0,/en/players/28d29138/Ian-Bennett,28d29138,Ian-Bennett
Luton Shelton,jm JAM,"FW,MF",15,5,1,1,641,7.1,2,0,/en/players/d9ee809d/Luton-Shelton,d9ee809d,Luton-Shelto
John Halls,eng ENG,"DF,MF",6,5,0,0,504,5.6,1,0,/en/players/8146582b/John-Halls,8146582b,John-H
Lee Martin,eng ENG,"FW,MF",6,5,0,0,497,5.5,0,0,/en/players/becaa518/Lee-Martin,becaa518,Lee-Marti
Ugo Ehiogu,eng ENG,DF,10,5,0,0,372,4.1,0,0,/en/players/bd8d3cd5/Ugo-Ehiogu,bd8d3cd5,Ugo-Ehiogu
Alan Quinn,ie IRL,MF,8,4,1,0,425,4.7,2,0,/en/players/6e0e47a6/Alan-Quinn,6e0e47a6,Alan-Qui
Chris Lucketti,eng ENG,DF,6,4,0,0,394,4.4,2,0,/en/players/50db99da/Chris-Lucketti,50db99da,Chris-Lucketti
Mikele Leigertwood,ag ATG,"DF,MF",2,1,0,0,80,0.9,1,0,/en/players/3cd9228b/Mikele-Leigertwood,3cd9228b,Mikele-Leigertwood
Nicky Law,eng ENG,MF,1,0,0,0,2,0.0,0,0,/en/players/d12df9fe/Nicky-Law,d12df9fe,Nicky-Law
﻿2008-2009,Sheffield-United
Player,Nationality,Position,Game,Games Starts,Assists,Goals,Minutes,Minutes 90s,Yellow Card,Red Card,Link,Player_id,Player_name
﻿Paddy Kenny,ie IRL,GK,44,44,0,0,"3,960",44.0,1,0,/en/players/b03eb26c/Paddy-Kenny,b03eb26c,Paddy-K
Stephen Quinn,ie IRL,"FW,MF",43,43,2,7,"3,718",41.3,6,0,/en/players/9ff17f6f/Stephen-Quinn,9ff17f6f,Stephen-Qui
Chris Morgan,eng ENG,DF,41,40,0,2,"3,543",39.4,4,0,/en/players/1af5f23a/Chris-Morgan,1af5f23a,Chris-Morg
Kyle Naughton,eng ENG,DF,40,39,3,1,"3,512",39.0,4,0,/en/players/e860c42f/Kyle-Naughton,860c42f,Kyle-Naughto
Matthew Kilgallon,eng ENG,DF,40,39,2,1,"3,486",38.7,2,1,/en/players/7c6a3c44/Matthew-Kilgallon,7c6a3c44,Matthew-Kilgallo
Gary Naysmith,sct SCO,"DF,MF",39,37,1,0,"3,256",36.2,4,0,/en/players/71cbf286/Gary-Naysmith,71cbf286,Gary-Naysmith
Greg Halford,eng ENG,"DF,FW",41,31,5,4,"2,683",29.8,4,0,/en/players/06d45e81/Greg-Halford,06d45e81,Greg-Halford
Nick Montgomery,sct SCO,MF,28,26,1,0,"2,352",26.1,5,0,/en/players/72d237e2/Nick-Montgomery,72d237e2,Nick-Montgom
Darius Henderson,eng ENG,FW,32,25,4,6,"2,213",24.6,3,2,/en/players/ea503cef/Darius-Henderson,503cef,Darius-Henderso
Brian Howard,eng ENG,MF,26,22,3,2,"1,866",20.7,6,0,/en/players/fa9c43c2/Brian-Howard,fa9c43c2,Brian-Howard
Danny Webber,eng ENG,FW,36,21,2,4,"1,960",21.8,2,0,/en/players/046789e9/Danny-Webber,046789e9,Danny-Webb
James Beattie,eng ENG,FW,23,21,3,12,"1,857",20.6,2,0,/en/players/7c881089/James-Beattie,7c881089,James-Beatti
Gary Speed,wls WAL,MF,17,17,1,3,"1,405",15.6,1,0,/en/players/5ca13d11/Gary-Speed,5ca13d11,Gary-Speed
David Cotterill,wls WAL,"FW,MF",24,17,7,4,"1,377",15.3,0,0,/en/players/7b6f3a36/David-Cotterill,7b6f3a36,David-Cotteri
Billy Sharp,eng ENG,FW,22,17,2,4,"1,329",14.8,0,0,/en/players/e8c9f4e9/Billy-Sharp,8c9f4e9,Billy-Sh
Sun Jihai,cn CHN,DF,12,11,0,0,983,10.9,0,1,/en/players/fd08c217/Sun-Jihai,fd08c217,Sun-Jihai
Ugo Ehiogu,eng ENG,DF,16,11,1,1,947,10.5,2,1,/en/players/bd8d3cd5/Ugo-Ehiogu,bd8d3cd5,Ugo-Ehiogu
Matthew Spring,eng ENG,MF,11,8,0,1,763,8.5,0,0,/en/players/33e1c345/Matthew-Spring,33e1c345,Matthew-Spring
Jamie Ward,nir NIR,"FW,MF",16,7,1,2,871,9.7,0,0,/en/players/bc05f7f2/Jamie-Ward,bc05f7f2,Jamie-Ward
Leigh Bromby,eng ENG,DF,12,6,0,1,608,6.8,2,0,/en/players/7e29cbe2/Leigh-Bromby,7e29cbe2,Leigh-Bromb
Anthony Stokes,ie IRL,FW,12,5,1,0,500,5.6,1,0,/en/players/7ccbce6d/Anthony-Stokes,7ccbce6d,Anthony-Stok
John-Joe O'Toole,ie IRL,"DF,MF",9,5,0,1,462,5.1,2,0,/en/players/17d223c5/John-Joe-OToole,17d223c5,John-Joe-OToo
Michael Tonge,eng ENG,MF,4,4,1,0,359,4.0,0,0,/en/players/046f30a8/Michael-Tonge,046f30a8,Michael-Tong
Nathan Dyer,eng ENG,"FW,MF",7,3,0,1,286,3.2,1,0,/en/players/6dfd5af0/Nathan-Dyer,6dfd5af0,Nathan-D
Ian Bennett,eng ENG,GK,2,2,0,0,180,2.0,0,0,/en/players/28d29138/Ian-Bennett,28d29138,Ian-Bennett
Kyle Walker,eng ENG,DF,2,2,0,0,180,2.0,0,0,/en/players/86dd77d1/Kyle-Walker,86dd77d1,Kyle-Walk
Arturo Lupoli,it ITA,FW,9,2,0,2,179,2.0,0,0,/en/players/2ab6b9d1/Arturo-Lupoli,2ab6b9d1,Arturo-Lupoli
Craig Beattie,sct SCO,FW,13,1,1,1,350,3.9,1,0,/en/players/0fe1ad79/Craig-Beattie,0fe1ad79,Craig-Beatti
Lee Hendrie,eng ENG,MF,5,0,0,0,86,1.0,0,0,/en/players/8716663c/Lee-Hendrie,8716663c,Lee-Hendri
Jon Stead,eng ENG,FW,1,0,0,0,9,0.1,1,0,/en/players/aba66ab7/Jon-Stead,ba66ab7,Jon-Stead
Keith Gillespie,nir NIR,"FW,MF",1,0,0,0,2,0.0,0,0,/en/players/012f440e/Keith-Gillespie,012f440e,Keith-Gillespi
Derek Geary,ie IRL,DF,1,0,0,0,1,0.0,0,0,/en/players/fa9f1e42/Derek-Geary,fa9f1e42,Derek-G
﻿2009-2010,Sheffield-United
Player,Nationality,Position,Game,Games Starts,Assists,Goals,Minutes,Minutes 90s,Yellow Card,Red Card,Link,Player_id,Player_name
﻿Nick Montgomery,sct SCO,MF,39,39,2,1,"3,447",38.3,8,0,/en/players/72d237e2/Nick-Montgomery,72d237e2,Nick-Montgom
Stephen Quinn,ie IRL,"FW,MF",44,38,3,4,"3,369",37.4,7,0,/en/players/9ff17f6f/Stephen-Quinn,9ff17f6f,Stephen-Qui
Chris Morgan,eng ENG,DF,37,37,2,2,"3,280",36.4,10,0,/en/players/1af5f23a/Chris-Morgan,1af5f23a,Chris-Morg
Mark Bunn,eng ENG,GK,32,31,0,0,"2,812",31.2,2,0,/en/players/a6738b6c/Mark-Bunn,6738b6c,Mark-Bu
James Harper,eng ENG,MF,34,31,2,4,"2,731",30.3,2,0,/en/players/3bdf320f/James-Harper,3bdf320f,James-H
Richard Cresswell,eng ENG,FW,31,28,1,12,"2,495",27.7,5,0,/en/players/2feffa68/Richard-Cresswell,2feffa68,Richard-Cressw
Darius Henderson,eng ENG,FW,31,28,1,12,"2,444",27.2,6,1,/en/players/ea503cef/Darius-Henderson,503cef,Darius-Henderso
Kyle Walker,eng ENG,DF,26,26,1,0,"2,267",25.2,4,0,/en/players/86dd77d1/Kyle-Walker,86dd77d1,Kyle-Walk
Jamie Ward,nir NIR,"FW,MF",28,25,4,7,"2,082",23.1,3,0,/en/players/bc05f7f2/Jamie-Ward,bc05f7f2,Jamie-Ward
Andy Taylor,eng ENG,DF,26,22,2,0,"1,872",20.8,5,0,/en/players/5c402d41/Andy-Taylor,5c402d41,Andy-Taylo
Ched Evans,wls WAL,FW,33,21,4,4,"1,891",21.0,3,0,/en/players/bb770c52/Ched-Evans,bb770c52,Ched-Ev
Matthew Kilgallon,eng ENG,DF,21,21,0,1,"1,757",19.5,1,0,/en/players/7c6a3c44/Matthew-Kilgallon,7c6a3c44,Matthew-Kilgallo
Nyron Nosworthy,jm JAM,DF,19,19,0,0,"1,704",18.9,3,0,/en/players/288c9867/Nyron-Nosworthy,288c9867,Nyron-Nosworth
Jordan Stewart,eng ENG,"DF,MF",23,15,0,0,"1,392",15.5,2,0,/en/players/99bd8581/Jordan-Stewart,99bd8581,Jordan-Stewart
Lee Williamson,jm JAM,MF,20,14,1,3,"1,151",12.8,6,0,/en/players/636ca862/Lee-Williamson,636ca862,Lee-Williamso
Keith Treacy,ie IRL,MF,16,12,4,1,905,10.1,2,0,/en/players/4cee514e/Keith-Treacy,4cee514e,Keith-Treac
Mark Yeates,ie IRL,"DF,FW",20,11,7,2,"1,151",12.8,2,0,/en/players/b3922703/Mark-Yeates,b3922703,Mark-Yeat
Kyle Bartley,eng ENG,DF,14,10,1,0,967,10.7,2,0,/en/players/18e96f64/Kyle-Bartley,18e96f64,Kyle-Bart
Henri Camara,sn SEN,FW,23,9,1,4,"1,073",11.9,1,0,/en/players/b2b48ae0/Henri-Camara,b2b48ae0,Henri-Cam
Toni Kallio,fi FIN,DF,8,8,1,0,720,8.0,2,0,/en/players/270dec9e/Toni-Kallio,270dec9e,Toni-Kallio
Glen Little,eng ENG,MF,16,7,2,0,691,7.7,0,0,/en/players/3c418660/Glen-Little,3c418660,Glen-Litt
Andrew Davies,eng ENG,DF,8,7,0,0,687,7.6,1,0,/en/players/8912dc31/Andrew-Davies,8912dc31,Andrew-Davi
Steve Simonsen,eng ENG,GK,7,7,0,0,630,7.0,0,0,/en/players/b37c3eea/Steve-Simonsen,b37c3eea,Steve-Simo
Paul Connolly,eng ENG,DF,7,7,0,0,627,7.0,2,1,/en/players/b6d19744/Paul-Connolly,b6d19744,Paul-Conno
Derek Geary,ie IRL,DF,7,5,0,0,486,5.4,1,0,/en/players/fa9f1e42/Derek-Geary,fa9f1e42,Derek-G
Marcel Seip,nl NED,DF,6,5,0,0,438,4.9,2,0,/en/players/0065297b/Marcel-Seip,0065297b,Marcel-Sei
Ian Bennett,eng ENG,GK,5,4,0,0,338,3.8,0,0,/en/players/28d29138/Ian-Bennett,28d29138,Ian-Bennett
David Cotterill,wls WAL,"FW,MF",14,3,0,2,519,5.8,3,0,/en/players/7b6f3a36/David-Cotterill,7b6f3a36,David-Cotteri
Ryan France,eng ENG,"DF,MF",9,3,0,0,350,3.9,0,0,/en/players/8b770249/Ryan-France,8b770249,Ryan-Franc
Jonathan Fortune,eng ENG,DF,5,3,0,1,321,3.6,0,0,/en/players/dfa0cd77/Jonathan-Fortune,dfa0cd77,Jonathan-Fortu
Brian Howard,eng ENG,MF,4,3,0,0,203,2.3,1,0,/en/players/fa9c43c2/Brian-Howard,fa9c43c2,Brian-Howard
Carl Ikeme,ng NGA,GK,2,2,0,0,180,2.0,0,0,/en/players/8646429b/Carl-Ikeme,8646429b,Carl-Ikem
Paddy Kenny,ie IRL,GK,2,2,0,0,180,2.0,0,0,/en/players/b03eb26c/Paddy-Kenny,b03eb26c,Paddy-K
Gary Naysmith,sct SCO,"DF,MF",2,2,0,0,158,1.8,0,0,/en/players/71cbf286/Gary-Naysmith,71cbf286,Gary-Naysmith
Matthew Lowton,eng ENG,DF,2,1,0,0,91,1.0,0,0,/en/players/9a9c05db/Matthew-Lowton,9a9c05db,Matthew-Lowto
Kyel Reid,eng ENG,MF,7,0,0,0,87,1.0,0,0,/en/players/33cce752/Kyel-Reid,33cce752,Kyel-Reid
﻿2010-2011,Sheffield-United
Player,Nationality,Position,Game,Games Starts,Assists,Goals,Minutes,Minutes 90s,Yellow Card,Red Card,Link,Player_id,Player_name
﻿Steve Simonsen,eng ENG,GK,45,43,0,0,"3,954",43.9,2,0,/en/players/b37c3eea/Steve-Simonsen,b37c3eea,Steve-Simo
Nick Montgomery,sct SCO,MF,35,34,1,0,"2,981",33.1,8,0,/en/players/72d237e2/Nick-Montgomery,72d237e2,Nick-Montgom
Stephen Quinn,ie IRL,"FW,MF",37,33,5,1,"2,836",31.5,6,1,/en/players/9ff17f6f/Stephen-Quinn,9ff17f6f,Stephen-Qui
Nyron Nosworthy,jm JAM,DF,32,31,0,0,"2,631",29.2,4,0,/en/players/288c9867/Nyron-Nosworthy,288c9867,Nyron-Nosworth
Richard Cresswell,eng ENG,FW,35,30,0,5,"2,575",28.6,0,1,/en/players/2feffa68/Richard-Cresswell,2feffa68,Richard-Cressw
Ched Evans,wls WAL,FW,34,26,0,9,"2,316",25.7,4,0,/en/players/bb770c52/Ched-Evans,bb770c52,Ched-Ev
Johannes Ertl,at AUT,"DF,MF",28,25,0,0,"2,133",23.7,2,0,/en/players/85321ea0/Johannes-Ertl,85321ea0,Johannes-Ert
Leon Britton,eng ENG,MF,24,22,1,0,"1,983",22.0,2,0,/en/players/b92dd711/Leon-Britton,b92dd711,Leon-Britto
Matthew Lowton,eng ENG,DF,32,21,1,4,"2,130",23.7,4,1,/en/players/9a9c05db/Matthew-Lowton,9a9c05db,Matthew-Lowto
Kyle Bartley,eng ENG,DF,21,21,0,0,"1,881",20.9,6,0,/en/players/18e96f64/Kyle-Bartley,18e96f64,Kyle-Bart
Mark Yeates,ie IRL,"DF,FW",35,18,3,5,"1,907",21.2,4,0,/en/players/b3922703/Mark-Yeates,b3922703,Mark-Yeat
Shane Lowry,ie IRL,DF,17,17,0,0,"1,477",16.4,6,2,/en/players/7f5738cb/Shane-Lowry,7f5738cb,Shane-Low
Jean Calvé,fr FRA,DF,18,16,1,1,"1,333",14.8,0,0,/en/players/8111297a/Jean-Calve,8111297a,Jean-Calv
Michael Doyle,ie IRL,"DF,MF",16,16,0,0,"1,293",14.4,3,0,/en/players/445f0d6f/Michael-Doyle,445f0d6f,Michael-Do
Neill Collins,sct SCO,DF,14,14,0,0,"1,260",14.0,0,0,/en/players/91ff7e1e/Neill-Collins,91ff7e1e,Neill-Colli
Lee Williamson,jm JAM,MF,16,14,1,3,"1,168",13.0,5,2,/en/players/636ca862/Lee-Williamson,636ca862,Lee-Williamso
Stephen Jordan,eng ENG,DF,15,14,2,0,"1,120",12.4,4,0,/en/players/1a3d94b5/Stephen-Jordan,1a3d94b5,Stephen-Jord
Jamie Ward,nir NIR,"FW,MF",19,13,0,0,"1,260",14.0,2,1,/en/players/bc05f7f2/Jamie-Ward,bc05f7f2,Jamie-Ward
Daniel Bogdanović,mt MLT,"FW,MF",32,12,0,5,"1,257",14.0,1,1,/en/players/a5639a81/Daniel-Bogdanovic,5639a81,Daniel-Bogdanovic
Joe Mattock,eng ENG,"DF,MF",13,12,0,0,978,10.9,4,0,/en/players/6b192b31/Joe-Mattock,6b192b31,Joe-Mattock
Bjørn Helge Riise,no NOR,MF,13,9,0,1,856,9.5,0,0,/en/players/831674a5/Bjorn-Helge-Riise,831674a5,Bjorn-Helge-Rii
Andy Reid,ie IRL,MF,9,8,4,2,716,8.0,2,0,/en/players/8c4c0cf8/Andy-Reid,8c4c0cf8,Andy-Reid
Chris Morgan,eng ENG,DF,8,8,0,0,653,7.3,1,0,/en/players/1af5f23a/Chris-Morgan,1af5f23a,Chris-Morg
Darius Henderson,eng ENG,FW,8,8,1,2,645,7.2,1,1,/en/players/ea503cef/Darius-Henderson,503cef,Darius-Henderso
Elian Parrino,ar ARG,DF,8,7,0,0,645,7.2,2,0,/en/players/04af0c55/Elian-Parrino,04af0c55,Elian-Parrino
Andy Taylor,eng ENG,DF,9,7,0,0,554,6.2,1,0,/en/players/5c402d41/Andy-Taylor,5c402d41,Andy-Taylo
Jordan Slew,eng ENG,FW,7,5,0,2,397,4.4,0,0,/en/players/372307ab/Jordan-Slew,372307ab,Jordan-Slew
Ritchie De Laet,be BEL,DF,6,4,1,0,438,4.9,0,0,/en/players/dc234f98/Ritchie-De-Laet,dc234f98,Ritchie-De-Laet
Marcus Bent,eng ENG,FW,11,4,0,0,379,4.2,0,0,/en/players/69166246/Marcus-Bent,69166246,Marcus-Bent
Harry Maguire,eng ENG,DF,5,4,0,0,372,4.1,1,1,/en/players/d8931174/Harry-Maguire,d8931174,Harry-Magui
Sam Vokes,wls WAL,FW,6,4,0,1,345,3.8,0,0,/en/players/1d6ac165/Sam-Vokes,1d6ac165,Sam-Vok
Rob Kozluk,eng ENG,DF,8,2,0,1,341,3.8,3,1,/en/players/9c6a1f88/Rob-Kozluk,9c6a1f88,Rob-Kozluk
Richard Wright,eng ENG,GK,2,2,0,0,96,1.1,0,0,/en/players/d9e2e2ae/Richard-Wright,d9e2e2ae,Richard-Wright
David McAllister,ie IRL,MF,2,1,0,1,110,1.2,0,0,/en/players/94d9f989/David-McAllister,94d9f989,David-McAllist
George Long,eng ENG,GK,1,1,0,0,90,1.0,0,0,/en/players/754e3f2d/George-Long,754e3f2d,George-Long
Danny Philliskirk,eng ENG,"DF,FW",3,0,0,0,56,0.6,0,0,/en/players/bc156e10/Danny-Philliskirk,bc156e10,Danny-Philliskirk
Matthew Harriott,eng ENG,MF,2,0,0,0,26,0.3,0,0,/en/players/52eceb8a/Matthew-Harriott,52eceb8a,Matthew-Harriott
Erik Tønne,no NOR,"FW,MF",2,0,0,0,20,0.2,0,0,/en/players/3dedad42/Erik-Tonne,3dedad42,Erik-To
Danny Batth,eng ENG,DF,1,0,0,0,1,0.0,0,0,/en/players/f1d0fa63/Danny-Batth,f1d0fa63,Danny-Batth
﻿2011-2012,Sheffield-United
Player,Nationality,Position,Game,Games Starts,Assists,Goals,Minutes,Minutes 90s,Yellow Card,Red Card,Link,Player_id,Player_name
﻿Harry Maguire,eng ENG,DF,44,44,3,1,"3,960",44.0,5,1,/en/players/d8931174/Harry-Maguire,d8931174,Harry-Magui
Steve Simonsen,eng ENG,GK,44,44,0,0,"3,960",44.0,2,0,/en/players/b37c3eea/Steve-Simonsen,b37c3eea,Steve-Simo
Matthew Lowton,eng ENG,DF,44,44,4,6,"3,901",43.3,4,1,/en/players/9a9c05db/Matthew-Lowton,9a9c05db,Matthew-Lowto
Stephen Quinn,ie IRL,"FW,MF",45,43,14,4,"3,754",41.7,6,0,/en/players/9ff17f6f/Stephen-Quinn,9ff17f6f,Stephen-Qui
Neill Collins,sct SCO,DF,42,42,0,2,"3,776",42.0,4,0,/en/players/91ff7e1e/Neill-Collins,91ff7e1e,Neill-Colli
Michael Doyle,ie IRL,"DF,MF",43,39,3,3,"3,581",39.8,6,0,/en/players/445f0d6f/Michael-Doyle,445f0d6f,Michael-Do
Richard Cresswell,eng ENG,FW,42,32,10,9,"2,701",30.0,7,0,/en/players/2feffa68/Richard-Cresswell,2feffa68,Richard-Cressw
Lee Williamson,jm JAM,MF,40,31,5,13,"2,738",30.4,8,0,/en/players/636ca862/Lee-Williamson,636ca862,Lee-Williamso
Ched Evans,wls WAL,FW,36,30,12,29,"2,815",31.3,6,0,/en/players/bb770c52/Ched-Evans,bb770c52,Ched-Ev
Kevin McDonald,sct SCO,MF,31,30,5,3,"2,540",28.2,4,0,/en/players/71a08f97/Kevin-McDonald,71a08f97,Kevin-McDonald
Lecsinel Jean-François,ht HAI,DF,25,22,2,0,"1,957",21.7,5,0,/en/players/e4c3c224/Lecsinel-Jean-Francois,4c3c224,Lecsinel-Jean-Francoi
Chris Porter,eng ENG,FW,34,18,3,5,"1,551",17.2,2,0,/en/players/2a05f837/Chris-Porter,2a05f837,Chris-Port
Nick Montgomery,sct SCO,MF,20,14,0,1,"1,323",14.7,3,0,/en/players/72d237e2/Nick-Montgomery,72d237e2,Nick-Montgom
Marcus Williams,eng ENG,DF,19,14,1,0,"1,283",14.3,2,0,/en/players/e7e03b8f/Marcus-Williams,7e03b8f,Marcus-William
Ryan Flynn,sct SCO,MF,26,12,4,2,"1,290",14.3,1,0,/en/players/cf635bf9/Ryan-Flynn,cf635bf9,Ryan-F
Matt Hill,eng ENG,DF,12,11,0,0,988,11.0,1,0,/en/players/c1151f6b/Matt-Hill,c1151f6b,Matt-Hi
Matt Phillips,sct SCO,"FW,MF",6,5,0,5,452,5.0,0,0,/en/players/7bb5f40e/Matt-Phillips,7bb5f40e,Matt-Philli
Billy Clarke,ie IRL,"FW,MF",5,5,2,1,351,3.9,0,0,/en/players/8286db68/Billy-Clarke,8286db68,Billy-Clark
Will Hoskins,eng ENG,FW,12,4,0,2,377,4.2,0,0,/en/players/25ba1c55/Will-Hoskins,25ba1c55,Will-Hoski
Andy Taylor,eng ENG,DF,4,4,0,0,337,3.7,0,0,/en/players/5c402d41/Andy-Taylor,5c402d41,Andy-Taylo
Nathaniel Mendez-Laing,eng ENG,"FW,MF",8,4,0,1,290,3.2,0,0,/en/players/b4b2f632/Nathaniel-Mendez-Laing,b4b2f632,Nathaniel-Mendez-Laing
David McAllister,ie IRL,MF,4,3,0,0,250,2.8,1,0,/en/players/94d9f989/David-McAllister,94d9f989,David-McAllist
Jordan Slew,eng ENG,FW,4,3,0,1,241,2.7,1,0,/en/players/372307ab/Jordan-Slew,372307ab,Jordan-Slew
Johannes Ertl,at AUT,"DF,MF",7,2,0,0,270,3.0,0,0,/en/players/85321ea0/Johannes-Ertl,85321ea0,Johannes-Ert
James Beattie,eng ENG,FW,18,2,0,0,217,2.4,0,2,/en/players/7c881089/James-Beattie,7c881089,James-Beatti
George Long,eng ENG,GK,2,2,0,0,180,2.0,0,0,/en/players/754e3f2d/George-Long,754e3f2d,George-Long
Michael O'Halloran,sct SCO,"DF,FW",7,1,0,0,205,2.3,0,0,/en/players/b10222cb/Michael-OHalloran,b10222cb,Michael-OHallo
John Egan,ie IRL,DF,1,1,0,0,90,1.0,0,0,/en/players/debe38a0/John-Egan,debe38a0,John-Eg
Erik Tønne,no NOR,"FW,MF",2,0,0,1,44,0.5,0,0,/en/players/3dedad42/Erik-Tonne,3dedad42,Erik-To
Daniel Bogdanović,mt MLT,"FW,MF",2,0,0,0,37,0.4,0,0,/en/players/a5639a81/Daniel-Bogdanovic,5639a81,Daniel-Bogdanovic
﻿2012-2013,Sheffield-United
Player,Nationality,Position,Game,Games Starts,Assists,Goals,Minutes,Minutes 90s,Yellow Card,Red Card,Link,Player_id,Player_name
﻿Kevin McDonald,sct SCO,MF,45,45,2,1,"3,979",44.2,10,0,/en/players/71a08f97/Kevin-McDonald,71a08f97,Kevin-McDonald
Harry Maguire,eng ENG,DF,44,44,0,3,"3,942",43.8,9,1,/en/players/d8931174/Harry-Maguire,d8931174,Harry-Magui
Michael Doyle,ie IRL,"DF,MF",43,43,2,3,"3,746",41.6,6,1,/en/players/445f0d6f/Michael-Doyle,445f0d6f,Michael-Do
Neill Collins,sct SCO,DF,39,38,0,4,"3,393",37.7,3,0,/en/players/91ff7e1e/Neill-Collins,91ff7e1e,Neill-Colli
Tony McMahon,eng ENG,"DF,MF",38,38,9,2,"3,292",36.6,11,0,/en/players/a1dd16a8/Tony-McMahon,1dd16a8,Tony-McMaho
Ryan Flynn,sct SCO,MF,36,36,7,3,"2,994",33.3,1,1,/en/players/cf635bf9/Ryan-Flynn,cf635bf9,Ryan-F
George Long,eng ENG,GK,36,35,0,0,"3,230",35.9,2,0,/en/players/754e3f2d/George-Long,754e3f2d,George-Long
Matt Hill,eng ENG,DF,34,34,1,0,"2,948",32.8,7,0,/en/players/c1151f6b/Matt-Hill,c1151f6b,Matt-Hi
Dave Kitson,eng ENG,FW,33,30,2,11,"2,371",26.3,7,0,/en/players/53c758b9/Dave-Kitson,53c758b9,Dave-Kitso
Nick Blackman,bb BRB,"FW,MF",28,28,6,11,"2,413",26.8,4,0,/en/players/d4e7c451/Nick-Blackman,d4e7c451,Nick-Blackm
Jamie Murphy,sct SCO,"FW,MF",17,15,2,2,"1,248",13.9,0,0,/en/players/6c96b263/Jamie-Murphy,6c96b263,Jamie-Murph
Marcus Williams,eng ENG,DF,18,14,1,0,"1,315",14.6,2,0,/en/players/e7e03b8f/Marcus-Williams,7e03b8f,Marcus-William
Chris Porter,eng ENG,FW,21,13,1,3,"1,271",14.1,1,0,/en/players/2a05f837/Chris-Porter,2a05f837,Chris-Port
Danny Higginbotham,gi GIB,DF,15,13,0,0,"1,186",13.2,0,0,/en/players/688135a1/Danny-Higginbotham,688135a1,Danny-Higginbotham
Mark Howard,eng ENG,GK,11,11,0,0,910,10.1,0,0,/en/players/d5d89b53/Mark-Howard,d5d89b53,Mark-Howard
David McAllister,ie IRL,MF,14,10,1,1,979,10.9,0,0,/en/players/94d9f989/David-McAllister,94d9f989,David-McAllist
Barry Robson,sct SCO,MF,17,10,1,2,939,10.4,3,0,/en/players/c0fdb9cb/Barry-Robson,c0fdb9cb,Barry-Robso
Darryl Westlake,eng ENG,DF,11,8,0,0,839,9.3,0,0,/en/players/35e522e5/Darryl-Westlake,35e522e5,Darryl-Westlak
John Cofie,eng ENG,FW,16,8,1,2,681,7.6,0,0,/en/players/98d91ecf/John-Cofie,98d91ecf,John-Cofi
Jonathan Forte,bb BRB,"FW,MF",12,7,0,1,761,8.5,0,0,/en/players/203d94d6/Jonathan-Forte,203d94d6,Jonathan-Fort
Shaun Miller,eng ENG,FW,15,7,3,4,712,7.9,2,0,/en/players/9f59aa73/Shaun-Miller,9f59aa73,Shaun-Mi
Paul Gallagher,sct SCO,"FW,MF",6,6,2,1,519,5.8,1,0,/en/players/9f0fb63c/Paul-Gallagher,9f0fb63c,Paul-Gallagh
Stephen Quinn,ie IRL,"FW,MF",3,3,0,0,270,3.0,1,0,/en/players/9ff17f6f/Stephen-Quinn,9ff17f6f,Stephen-Qui
Dominic Poleon,eng ENG,"FW,MF",7,3,2,0,228,2.5,0,0,/en/players/18c922bb/Dominic-Poleon,18c922bb,Dominic-Poleo
Richard Cresswell,eng ENG,FW,16,2,0,1,389,4.3,0,0,/en/players/2feffa68/Richard-Cresswell,2feffa68,Richard-Cressw
Callum McFadzean,sct SCO,"DF,MF",8,2,0,0,365,4.1,1,0,/en/players/b2624d6a/Callum-McFadzean,b2624d6a,Callum-McFadz
Joe Ironside,eng ENG,FW,12,1,1,0,272,3.0,0,0,/en/players/a0a22f9e/Joe-Ironside,0a22f9e,Joe-Ironsid
Terry Kennedy,eng ENG,DF,1,1,0,0,90,1.0,0,0,/en/players/7ed73b22/Terry-Kennedy,7ed73b22,Terry-Kenned
Elliott Whitehouse,eng ENG,MF,3,1,0,0,80,0.9,1,0,/en/players/14f86115/Elliott-Whitehouse,14f86115,Elliott-Whitehou
Jordan Chapell,eng ENG,"FW,MF",2,0,0,0,45,0.5,0,0,/en/players/6dc8d46e/Jordan-Chapell,6dc8d46e,Jordan-Ch
Diego De Girolamo,it ITA,"FW,MF",2,0,0,0,20,0.2,0,0,/en/players/23eeae41/Diego-De-Girolamo,23eeae41,Diego-De-Girolamo
Danny Philliskirk,eng ENG,"DF,FW",1,0,0,0,2,0.0,0,0,/en/players/bc156e10/Danny-Philliskirk,bc156e10,Danny-Philliskirk
﻿2013-2014,Sheffield-United
Player,Nationality,Position,Game,Games Starts,Assists,Goals,Minutes,Minutes 90s,Yellow Card,Red Card,Link,Player_id,Player_name
﻿Neill Collins,sct SCO,DF,44,44,1,2,"3,847",42.7,3,0,/en/players/91ff7e1e/Neill-Collins,91ff7e1e,Neill-Colli
Michael Doyle,ie IRL,"DF,MF",43,42,0,2,"3,812",42.4,5,0,/en/players/445f0d6f/Michael-Doyle,445f0d6f,Michael-Do
Harry Maguire,eng ENG,DF,41,41,2,5,"3,668",40.8,12,0,/en/players/d8931174/Harry-Maguire,d8931174,Harry-Magui
Conor Coady,eng ENG,"DF,MF",39,32,4,5,"2,940",32.7,4,0,/en/players/2928dca2/Conor-Coady,2928dca2,Conor-Coad
Jose Baxter,eng ENG,"FW,MF",35,29,0,6,"2,431",27.0,2,0,/en/players/185990eb/Jose-Baxter,185990eb,Jose-Baxt
Ryan Flynn,sct SCO,MF,32,28,3,5,"2,418",26.9,2,0,/en/players/cf635bf9/Ryan-Flynn,cf635bf9,Ryan-F
George Long,eng ENG,GK,27,27,0,0,"2,430",27.0,0,0,/en/players/754e3f2d/George-Long,754e3f2d,George-Long
Jamie Murphy,sct SCO,"FW,MF",33,25,4,4,"2,186",24.3,0,0,/en/players/6c96b263/Jamie-Murphy,6c96b263,Jamie-Murph
Matt Hill,eng ENG,DF,32,24,0,0,"2,290",25.4,1,0,/en/players/c1151f6b/Matt-Hill,c1151f6b,Matt-Hi
Tony McMahon,eng ENG,"DF,MF",23,23,1,0,"2,070",23.0,8,0,/en/players/a1dd16a8/Tony-McMahon,1dd16a8,Tony-McMaho
Stephen McGinn,sct SCO,MF,30,23,5,0,"1,977",22.0,2,0,/en/players/dba8f45d/Stephen-McGinn,dba8f45d,Stephen-McGi
Mark Howard,eng ENG,GK,19,19,0,0,"1,710",19.0,0,0,/en/players/d5d89b53/Mark-Howard,d5d89b53,Mark-Howard
Chris Porter,eng ENG,FW,32,16,3,7,"1,681",18.7,0,0,/en/players/2a05f837/Chris-Porter,2a05f837,Chris-Port
John Brayford,eng ENG,DF,15,15,0,1,"1,276",14.2,0,0,/en/players/bab2f2a5/John-Brayford,bab2f2a5,John-Brayford
Stefan Scougall,sct SCO,MF,15,13,2,2,"1,122",12.5,1,0,/en/players/024e297f/Stefan-Scougall,024e297f,Stefan-Scoug
Kieron Freeman,wls WAL,"DF,MF",12,10,0,0,905,10.1,1,0,/en/players/c13c24c8/Kieron-Freeman,c13c24c8,Kieron-Freem
Febian Brandy,kn SKN,FW,14,10,2,0,891,9.9,2,2,/en/players/c5193ca1/Febian-Brandy,c5193ca1,Febian-Brand
Lyle Taylor,ms MSR,FW,20,9,0,2,944,10.5,0,0,/en/players/3e80e04e/Lyle-Taylor,3e80e04e,Lyle-Taylo
Bob Harris,sct SCO,DF,11,9,0,0,722,8.0,1,0,/en/players/4f3dd864/Bob-Harris,4f3dd864,Bob-Harri
Ben Davies,eng ENG,"DF,MF",18,8,1,3,995,11.1,3,0,/en/players/b99746b2/Ben-Davies,b99746b2,Ben-Davi
Aidy White,eng ENG,"DF,MF",8,8,0,0,667,7.4,0,0,/en/players/a850b35d/Aidy-White,850b35d,Aidy-Whit
Simon Lappin,sct SCO,"DF,MF",9,7,2,0,619,6.9,0,0,/en/players/a985ccde/Simon-Lappin,985ccde,Simon-Lappi
Marlon King,jm JAM,FW,8,7,0,1,543,6.0,0,0,/en/players/0fc9488a/Marlon-King,0fc9488a,Marlon-King
Billy Paynter,eng ENG,FW,13,6,0,0,488,5.4,1,0,/en/players/1b02a234/Billy-Paynter,1b02a234,Billy-Paynt
Shaun Miller,eng ENG,FW,13,5,0,0,553,6.1,2,0,/en/players/9f59aa73/Shaun-Miller,9f59aa73,Shaun-Mi
Florent Cuvelier,be BEL,MF,7,5,0,0,406,4.5,0,0,/en/players/99b48f8c/Florent-Cuvelier,99b48f8c,Florent-Cuveli
Darryl Westlake,eng ENG,DF,7,4,1,0,363,4.0,1,0,/en/players/35e522e5/Darryl-Westlake,35e522e5,Darryl-Westlak
Terry Kennedy,eng ENG,DF,5,3,0,0,281,3.1,0,0,/en/players/7ed73b22/Terry-Kennedy,7ed73b22,Terry-Kenned
Ryan Hall,eng ENG,"FW,MF",4,3,1,0,227,2.5,0,0,/en/players/46ee2a4a/Ryan-Hall,46ee2a4a,Ryan-H
Callum McFadzean,sct SCO,"DF,MF",6,3,0,0,190,2.1,1,0,/en/players/b2624d6a/Callum-McFadzean,b2624d6a,Callum-McFadz
Marcus Williams,eng ENG,DF,2,2,0,0,180,2.0,1,0,/en/players/e7e03b8f/Marcus-Williams,7e03b8f,Marcus-William
Connor Dimaio,ie IRL,MF,3,2,0,0,177,2.0,0,0,/en/players/b0421fc2/Connor-Dimaio,b0421fc2,Connor-Dimaio
Sean McGinty,ie IRL,DF,2,2,0,0,171,1.9,0,0,/en/players/b63bd588/Sean-McGinty,b63bd588,Sean-McGint
Joe Ironside,eng ENG,FW,4,1,0,0,137,1.5,0,0,/en/players/a0a22f9e/Joe-Ironside,0a22f9e,Joe-Ironsid
Kevin McDonald,sct SCO,MF,1,1,0,1,90,1.0,0,0,/en/players/71a08f97/Kevin-McDonald,71a08f97,Kevin-McDonald
Harry Bunn,eng ENG,"FW,MF",2,0,0,0,37,0.4,1,0,/en/players/c8d840f0/Harry-Bunn,c8d840f0,Harry-Bu
Otis Khan,pk PAK,"DF,FW",2,0,0,0,28,0.3,0,0,/en/players/013a61ae/Otis-Khan,013a61ae,Otis-Kh
Louis Reed,eng ENG,MF,1,0,0,0,17,0.2,0,0,/en/players/391c1d38/Louis-Reed,391c1d38,Louis-Reed
Jasper Johns,eng ENG,DF,1,0,0,0,16,0.2,1,0,/en/players/0a0443fc/Jasper-Johns,0a0443fc,Jasper-Joh
﻿2014-2015,Sheffield-United
Player,Nationality,Position,Game,Games Starts,Assists,Goals,Minutes,Minutes 90s,Yellow Card,Red Card,Link,Player_id,Player_name
﻿Jamie Murphy,sct SCO,"FW,MF",43,41,7,11,"3,755",41.7,3,0,/en/players/6c96b263/Jamie-Murphy,6c96b263,Jamie-Murph
Michael Doyle,ie IRL,"DF,MF",43,35,2,1,"3,256",36.2,6,0,/en/players/445f0d6f/Michael-Doyle,445f0d6f,Michael-Do
Mark Howard,eng ENG,GK,35,35,0,0,"3,150",35.0,1,0,/en/players/d5d89b53/Mark-Howard,d5d89b53,Mark-Howard
Bob Harris,sct SCO,DF,40,35,6,3,"3,137",34.9,6,0,/en/players/4f3dd864/Bob-Harris,4f3dd864,Bob-Harri
Chris Basham,eng ENG,"DF,MF",37,35,0,0,"3,074",34.2,9,1,/en/players/1aa84968/Chris-Basham,1aa84968,Chris-Basham
Jay McEveley,sct SCO,DF,34,31,0,1,"2,726",30.3,5,0,/en/players/c5c63c9a/Jay-McEveley,c5c63c9a,Jay-McEv
Jose Baxter,eng ENG,"FW,MF",34,28,2,10,"2,210",24.6,4,1,/en/players/185990eb/Jose-Baxter,185990eb,Jose-Baxt
John Brayford,eng ENG,DF,22,22,3,1,"1,980",22.0,2,0,/en/players/bab2f2a5/John-Brayford,bab2f2a5,John-Brayford
Stefan Scougall,sct SCO,MF,25,20,0,1,"1,668",18.5,3,0,/en/players/024e297f/Stefan-Scougall,024e297f,Stefan-Scoug
Paul Coutts,sct SCO,MF,20,19,1,0,"1,638",18.2,3,0,/en/players/e00c4257/Paul-Coutts,00c4257,Paul-Coutt
Ryan Flynn,sct SCO,MF,32,18,2,1,"1,612",17.9,1,0,/en/players/cf635bf9/Ryan-Flynn,cf635bf9,Ryan-F
Craig Alcock,eng ENG,DF,24,17,2,0,"1,646",18.3,1,0,/en/players/86f6cfd2/Craig-Alcock,86f6cfd2,Craig-Alcock
Jamal Campbell-Ryce,jm JAM,"FW,MF",19,14,1,4,"1,232",13.7,3,0,/en/players/d02c06d8/Jamal-Campbell-Ryce,d02c06d8,Jamal-Campbell-Ryc
Kieron Freeman,wls WAL,"DF,MF",19,13,2,1,"1,281",14.2,1,0,/en/players/c13c24c8/Kieron-Freeman,c13c24c8,Kieron-Freem
Matt Done,wls WAL,"DF,FW",15,12,1,7,"1,091",12.1,0,0,/en/players/004bdc92/Matt-Done,004bdc92,Matt-Do
Marc McNulty,sct SCO,"FW,MF",31,11,4,9,"1,222",13.6,1,0,/en/players/ed6bb087/Marc-McNulty,d6bb087,Marc-McNult
Jason Holt,sct SCO,MF,16,11,0,5,"1,150",12.8,2,0,/en/players/68e30c30/Jason-Holt,68e30c30,Jason-Holt
Harrison McGahey,eng ENG,DF,15,11,0,0,"1,105",12.3,0,0,/en/players/6d99f4f8/Harrison-McGahey,6d99f4f8,Harrison-McGah
Iain Turner,sct SCO,GK,11,11,0,0,990,11.0,0,0,/en/players/bab68c3c/Iain-Turner,bab68c3c,Iain-Tu
Ben Davies,eng ENG,"DF,MF",15,11,1,4,980,10.9,3,0,/en/players/b99746b2/Ben-Davies,b99746b2,Ben-Davi
Louis Reed,eng ENG,MF,19,10,2,0,986,11.0,1,0,/en/players/391c1d38/Louis-Reed,391c1d38,Louis-Reed
Paddy McCarthy,ie IRL,DF,11,10,0,1,917,10.2,1,1,/en/players/74a9a389/Paddy-McCarthy,74a9a389,Paddy-McCarth
Terry Kennedy,eng ENG,DF,11,10,1,0,798,8.9,2,0,/en/players/7ed73b22/Terry-Kennedy,7ed73b22,Terry-Kenned
Steve Davies,eng ENG,FW,12,10,1,2,777,8.6,2,0,/en/players/c4612ab6/Steve-Davies,c4612ab6,Steve-Davi
Michael Higdon,eng ENG,FW,13,9,0,2,712,7.9,1,1,/en/players/580fac60/Michael-Higdon,580fac60,Michael-Higdo
Neill Collins,sct SCO,DF,8,8,1,1,717,8.0,0,0,/en/players/91ff7e1e/Neill-Collins,91ff7e1e,Neill-Colli
James Wallace,eng ENG,MF,10,7,0,0,492,5.5,1,0,/en/players/506bbd45/James-Wallace,506bbd45,James-Wallac
Che Adams,sct SCO,"FW,MF",10,5,0,0,467,5.2,1,0,/en/players/f2bf1b0f/Che-Adams,f2bf1b0f,Che-Adam
Chris O'Grady,eng ENG,FW,4,4,0,1,292,3.2,0,0,/en/players/da7c9e6f/Chris-OGrady,da7c9e6f,Chris-OGrad
Kieran Wallace,eng ENG,"DF,MF",4,2,0,0,147,1.6,0,0,/en/players/d83a1b10/Kieran-Wallace,d83a1b10,Kieran-Wallac
Florent Cuvelier,be BEL,MF,3,1,0,0,64,0.7,0,0,/en/players/99b48f8c/Florent-Cuvelier,99b48f8c,Florent-Cuveli
Dominic Calvert-Lewin,eng ENG,"FW,MF",2,0,0,0,57,0.6,1,0,/en/players/59e6e5bf/Dominic-Calvert-Lewin,59e6e5bf,Dominic-Calvert-Lewi
Chris Porter,eng ENG,FW,1,0,0,0,6,0.1,0,0,/en/players/2a05f837/Chris-Porter,2a05f837,Chris-Port
Andy Butler,eng ENG,DF,0,0,,,,,,,/en/players/7a10f219/Andy-Butler,7a10f219,Andy-But
Diego De Girolamo,it ITA,"FW,MF",0,0,,,,,,,/en/players/23eeae41/Diego-De-Girolamo,23eeae41,Diego-De-Girolamo
Connor Dimaio,ie IRL,MF,0,0,,,,,,,/en/players/b0421fc2/Connor-Dimaio,b0421fc2,Connor-Dimaio
George Long,eng ENG,GK,0,0,,,,,,,/en/players/754e3f2d/George-Long,754e3f2d,George-Long
Stephen McGinn,sct SCO,MF,0,0,,,,,,,/en/players/dba8f45d/Stephen-McGinn,dba8f45d,Stephen-McGi
George Willis,eng ENG,GK,0,0,,,,,,,/en/players/cdd2f242/George-Willis,cdd2f242,George-Willi
﻿2015-2016,Sheffield-United
Player,Nationality,Position,Game,Games Starts,Assists,Goals,Minutes,Minutes 90s,Yellow Card,Red Card,Link,Player_id,Player_name
﻿Chris Basham,eng ENG,"DF,MF",44,43,2,4,"3,806",42.3,9,0,/en/players/1aa84968/Chris-Basham,1aa84968,Chris-Basham
Billy Sharp,eng ENG,FW,44,42,5,21,"3,781",42.0,7,0,/en/players/e8c9f4e9/Billy-Sharp,8c9f4e9,Billy-Sh
David Edgar,ca CAN,DF,36,35,1,2,"3,149",35.0,7,0,/en/players/e4815a59/David-Edgar,4815a59,David-Edg
Jay McEveley,sct SCO,DF,36,33,3,0,"2,899",32.2,8,0,/en/players/c5c63c9a/Jay-McEveley,c5c63c9a,Jay-McEv
George Long,eng ENG,GK,31,31,0,0,"2,790",31.0,1,0,/en/players/754e3f2d/George-Long,754e3f2d,George-Long
Neill Collins,sct SCO,DF,30,30,0,3,"2,589",28.8,3,0,/en/players/91ff7e1e/Neill-Collins,91ff7e1e,Neill-Colli
Dean Hammond,eng ENG,MF,30,30,0,2,"2,496",27.7,12,0,/en/players/577c12e5/Dean-Hammond,577c12e5,Dean-Hammond
Che Adams,sct SCO,"FW,MF",36,29,2,11,"2,633",29.3,5,0,/en/players/f2bf1b0f/Che-Adams,f2bf1b0f,Che-Adam
Paul Coutts,sct SCO,MF,32,26,4,0,"2,252",25.0,5,0,/en/players/e00c4257/Paul-Coutts,00c4257,Paul-Coutt
Matt Done,wls WAL,"DF,FW",31,25,2,5,"2,179",24.2,5,0,/en/players/004bdc92/Matt-Done,004bdc92,Matt-Do
John Brayford,eng ENG,DF,19,19,1,1,"1,710",19.0,1,0,/en/players/bab2f2a5/John-Brayford,bab2f2a5,John-Brayford
Jose Baxter,eng ENG,"FW,MF",24,18,5,4,"1,631",18.1,1,0,/en/players/185990eb/Jose-Baxter,185990eb,Jose-Baxt
Ryan Flynn,sct SCO,MF,27,18,2,2,"1,613",17.9,0,0,/en/players/cf635bf9/Ryan-Flynn,cf635bf9,Ryan-F
Kieron Freeman,wls WAL,"DF,MF",19,17,1,0,"1,576",17.5,1,0,/en/players/c13c24c8/Kieron-Freeman,c13c24c8,Kieron-Freem
Conor Sammon,ie IRL,FW,27,15,1,5,"1,441",16.0,3,0,/en/players/70c3608c/Conor-Sammon,70c3608c,Conor-Sammo
Mark Howard,eng ENG,GK,15,15,0,0,"1,350",15.0,0,0,/en/players/d5d89b53/Mark-Howard,d5d89b53,Mark-Howard
Martyn Woolford,eng ENG,"FW,MF",28,13,2,1,"1,191",13.2,2,0,/en/players/f4440a33/Martyn-Woolford,f4440a33,Martyn-Woolford
Jamal Campbell-Ryce,jm JAM,"FW,MF",18,13,0,0,"1,068",11.9,0,0,/en/players/d02c06d8/Jamal-Campbell-Ryce,d02c06d8,Jamal-Campbell-Ryc
Alex Baptiste,eng ENG,DF,11,10,0,1,850,9.4,0,0,/en/players/7b72f0b6/Alex-Baptiste,7b72f0b6,Alex-Baptist
Louis Reed,eng ENG,MF,19,9,2,0,874,9.7,0,0,/en/players/391c1d38/Louis-Reed,391c1d38,Louis-Reed
Kieran Wallace,eng ENG,"DF,MF",11,7,1,0,780,8.7,1,0,/en/players/d83a1b10/Kieran-Wallace,d83a1b10,Kieran-Wallac
Harrison McGahey,eng ENG,DF,7,5,0,0,529,5.9,0,0,/en/players/6d99f4f8/Harrison-McGahey,6d99f4f8,Harrison-McGah
Bob Harris,sct SCO,DF,5,5,1,0,450,5.0,1,0,/en/players/4f3dd864/Bob-Harris,4f3dd864,Bob-Harri
Stefan Scougall,sct SCO,MF,11,4,1,0,352,3.9,0,0,/en/players/024e297f/Stefan-Scougall,024e297f,Stefan-Scoug
Florent Cuvelier,be BEL,MF,9,4,0,0,336,3.7,1,0,/en/players/99b48f8c/Florent-Cuvelier,99b48f8c,Florent-Cuveli
Ben Whiteman,eng ENG,MF,6,3,0,0,342,3.8,1,0,/en/players/7b69e7cc/Ben-Whiteman,7b69e7cc,Ben-Whitem
Dominic Calvert-Lewin,eng ENG,"FW,MF",9,3,0,0,302,3.4,1,0,/en/players/59e6e5bf/Dominic-Calvert-Lewin,59e6e5bf,Dominic-Calvert-Lewi
Marc McNulty,sct SCO,"FW,MF",5,1,0,1,173,1.9,0,0,/en/players/ed6bb087/Marc-McNulty,d6bb087,Marc-McNult
Craig Alcock,eng ENG,DF,3,1,0,0,93,1.0,0,0,/en/players/86f6cfd2/Craig-Alcock,86f6cfd2,Craig-Alcock
Callum McFadzean,sct SCO,"DF,MF",1,1,0,0,90,1.0,0,0,/en/players/b2624d6a/Callum-McFadzean,b2624d6a,Callum-McFadz
Jamie Murphy,sct SCO,"FW,MF",1,1,0,0,90,1.0,0,0,/en/players/6c96b263/Jamie-Murphy,6c96b263,Jamie-Murph
James Wallace,eng ENG,MF,4,0,0,0,76,0.8,0,0,/en/players/506bbd45/James-Wallace,506bbd45,James-Wallac
Terry Kennedy,eng ENG,DF,1,0,0,0,45,0.5,0,0,/en/players/7ed73b22/Terry-Kennedy,7ed73b22,Terry-Kenned
Michael Higdon,eng ENG,FW,2,0,0,0,3,0.0,0,0,/en/players/580fac60/Michael-Higdon,580fac60,Michael-Higdo
Graham Kelly,ie IRL,DF,1,0,0,0,1,0.0,0,0,/en/players/c67fcf2e/Graham-Kelly,c67fcf2e,Graham-K
David Brooks,wls WAL,"FW,MF",0,0,,,,,,,/en/players/dc4cae05/David-Brooks,dc4cae05,David-Brook
Connor Dimaio,ie IRL,MF,0,0,,,,,,,/en/players/b0421fc2/Connor-Dimaio,b0421fc2,Connor-Dimaio
Aaron Ramsdale,eng ENG,GK,0,0,,,,,,,/en/players/466fb2c5/Aaron-Ramsdale,466fb2c5,Aaron-Ramsd
﻿2016-2017,Sheffield-United
Player,Nationality,Position,Game,Games Starts,Assists,Goals,Minutes,Minutes 90s,Yellow Card,Red Card,Link,Player_id,Player_name
﻿Billy Sharp,eng ENG,FW,46,44,7,30,"3,884",43.2,7,0,/en/players/e8c9f4e9/Billy-Sharp,8c9f4e9,Billy-Sh
Simon Moore,eng ENG,GK,43,43,0,0,"3,870",43.0,1,0,/en/players/e7434f04/Simon-Moore,7434f04,Simon-Moo
Chris Basham,eng ENG,"DF,MF",43,42,2,2,"3,649",40.5,6,1,/en/players/1aa84968/Chris-Basham,1aa84968,Chris-Basham
John Fleck,sct SCO,"FW,MF",44,41,15,4,"3,714",41.3,9,0,/en/players/b63e789d/John-Fleck,b63e789d,John-Fleck
Jack O'Connell,eng ENG,DF,44,40,2,4,"3,658",40.6,2,0,/en/players/312626c1/Jack-OConnell,312626c1,Jack-OCo
Paul Coutts,sct SCO,MF,43,40,6,2,"3,586",39.8,9,0,/en/players/e00c4257/Paul-Coutts,00c4257,Paul-Coutt
Kieron Freeman,wls WAL,"DF,MF",41,39,5,10,"3,554",39.5,7,0,/en/players/c13c24c8/Kieron-Freeman,c13c24c8,Kieron-Freem
Mark Duffy,eng ENG,MF,39,38,10,6,"2,916",32.4,3,0,/en/players/d86ccbc9/Mark-Duffy,d86ccbc9,Mark-Duff
Daniel Lafferty,nir NIR,DF,37,37,1,4,"3,136",34.8,4,0,/en/players/cfc41f7a/Daniel-Lafferty,cfc41f7a,Daniel-Laffert
Ethan Ebanks-Landell,eng ENG,DF,34,29,2,5,"2,657",29.5,5,0,/en/players/a2cf6cbc/Ethan-Ebanks-Landell,2cf6cbc,Ethan-Ebanks-Land
Jake Wright,eng ENG,DF,30,28,0,0,"2,270",25.2,7,0,/en/players/a9fc1782/Jake-Wright,9fc1782,Jake-Wright
Matt Done,wls WAL,"DF,FW",31,24,2,3,"1,931",21.5,6,0,/en/players/004bdc92/Matt-Done,004bdc92,Matt-Do
Leon Clarke,eng ENG,FW,23,12,1,7,"1,215",13.5,3,0,/en/players/91c975a0/Leon-Clarke,91c975a0,Leon-Clark
James Hanson,eng ENG,FW,13,10,2,1,902,10.0,0,0,/en/players/d8e0f3bc/James-Hanson,d8e0f3bc,James-Hanso
James Wilson,wls WAL,DF,7,7,0,1,572,6.4,0,0,/en/players/77621175/James-Wilson,77621175,James-Wilso
Caolan Lavery,ca CAN,FW,27,6,4,4,898,10.0,1,0,/en/players/58f204f3/Caolan-Lavery,58f204f3,Caolan-Lav
Stefan Scougall,sct SCO,MF,25,6,1,4,791,8.8,0,0,/en/players/024e297f/Stefan-Scougall,024e297f,Stefan-Scoug
Chris Hussey,eng ENG,"DF,MF",7,5,2,0,466,5.2,0,0,/en/players/6f4f4dd2/Chris-Hussey,6f4f4dd2,Chris-Hu
Jay O'Shea,ie IRL,MF,10,5,1,3,383,4.3,0,0,/en/players/2100a116/Jay-OShea,2100a116,Jay-OSh
John Brayford,eng ENG,DF,3,3,0,0,270,3.0,0,0,/en/players/bab2f2a5/John-Brayford,bab2f2a5,John-Brayford
George Long,eng ENG,GK,3,3,0,0,270,3.0,0,0,/en/players/754e3f2d/George-Long,754e3f2d,George-Long
Samir Carruthers,ie IRL,MF,14,2,1,0,584,6.5,1,0,/en/players/5a853458/Samir-Carruthers,5a853458,Samir-Carruth
Joe Riley,eng ENG,DF,2,1,0,0,92,1.0,0,0,/en/players/63dd1061/Joe-Riley,63dd1061,Joe-Ri
Marc McNulty,sct SCO,"FW,MF",4,1,0,0,66,0.7,0,0,/en/players/ed6bb087/Marc-McNulty,d6bb087,Marc-McNult
Harry Chapman,eng ENG,"FW,MF",12,0,0,1,291,3.2,0,0,/en/players/7768b19f/Harry-Chapman,7768b19f,Harry-Chapm
Che Adams,sct SCO,"FW,MF",1,0,0,0,24,0.3,0,0,/en/players/f2bf1b0f/Che-Adams,f2bf1b0f,Che-Adam
Ben Whiteman,eng ENG,MF,2,0,0,0,10,0.1,0,0,/en/players/7b69e7cc/Ben-Whiteman,7b69e7cc,Ben-Whitem
Reece Brown,eng ENG,"DF,MF",2,0,0,0,3,0.0,0,0,/en/players/3c0fba18/Reece-Brown,3c0fba18,Reece-Brow
David Brooks,wls WAL,"FW,MF",0,0,,,,,,,/en/players/dc4cae05/David-Brooks,dc4cae05,David-Brook
Dominic Calvert-Lewin,eng ENG,"FW,MF",0,0,,,,,,,/en/players/59e6e5bf/Dominic-Calvert-Lewin,59e6e5bf,Dominic-Calvert-Lewi
Aaron Ramsdale,eng ENG,GK,0,0,,,,,,,/en/players/466fb2c5/Aaron-Ramsdale,466fb2c5,Aaron-Ramsd
Louis Reed,eng ENG,MF,0,0,,,,,,,/en/players/391c1d38/Louis-Reed,391c1d38,Louis-Reed
Joe Riley,eng ENG,"DF,MF",0,0,,,,,,,/en/players/4d4e417c/Joe-Riley,4d4e417c,Joe-Ri
Kieran Wallace,eng ENG,"DF,MF",0,0,,,,,,,/en/players/d83a1b10/Kieran-Wallace,d83a1b10,Kieran-Wallac
Jake Wright Jr,eng ENG,FW,0,0,,,,,,,/en/players/5bf55b2b/Jake-Wright-Jr,5bf55b2b,Jake-Wright-J
﻿2017-2018,Sheffield-United
Player,Nationality,Position,Game,Games Starts,Assists,Goals,Minutes,Minutes 90s,Yellow Card,Red Card,Link,Player_id,Player_name
﻿Jack O'Connell,eng ENG,DF,46,46,4,0,"4,140",46.0,6,0,/en/players/312626c1/Jack-OConnell,312626c1,Jack-OCo
Enda Stevens,ie IRL,MF,45,45,4,1,"3,970",44.1,9,0,/en/players/17d4507a/Enda-Stevens,17d4507a,Enda-Stev
Chris Basham,eng ENG,"DF,MF",45,44,1,2,"3,884",43.2,8,0,/en/players/1aa84968/Chris-Basham,1aa84968,Chris-Basham
John Fleck,sct SCO,MF,41,41,7,2,"3,659",40.7,14,1,/en/players/b63e789d/John-Fleck,b63e789d,John-Fleck
Leon Clarke,eng ENG,FW,39,38,5,19,"3,329",37.0,5,1,/en/players/91c975a0/Leon-Clarke,91c975a0,Leon-Clark
Jamal Blackman,eng ENG,GK,31,31,0,0,"2,631",29.2,1,1,/en/players/dd26b605/Jamal-Blackman,dd26b605,Jamal-Blackm
George Baldock,gr GRE,MF,34,30,1,1,"2,683",29.8,4,0,/en/players/394854c4/George-Baldock,394854c4,George-Baldock
Mark Duffy,eng ENG,MF,36,28,9,3,"2,457",27.3,3,0,/en/players/d86ccbc9/Mark-Duffy,d86ccbc9,Mark-Duff
Richard Stearman,eng ENG,DF,28,28,0,2,"2,380",26.4,4,0,/en/players/9a3a436e/Richard-Stearman,9a3a436e,Richard-Stearm
Billy Sharp,eng ENG,FW,34,28,4,13,"2,346",26.1,4,0,/en/players/e8c9f4e9/Billy-Sharp,8c9f4e9,Billy-Sh
John Lundstram,eng ENG,MF,36,21,3,3,"1,967",21.9,3,0,/en/players/0df2b165/John-Lundstram,0df2b165,John-Lundstram
Lee Evans,wls WAL,MF,19,18,1,2,"1,532",17.0,6,0,/en/players/8ba29cfb/Lee-Evans,8ba29cfb,Lee-Ev
Cameron Carter-Vickers,us USA,DF,17,17,1,1,"1,392",15.5,1,0,/en/players/88ced02c/Cameron-Carter-Vickers,88ced02c,Cameron-Carter-Vick
Paul Coutts,sct SCO,MF,16,16,0,1,"1,394",15.5,5,0,/en/players/e00c4257/Paul-Coutts,00c4257,Paul-Coutt
Simon Moore,eng ENG,GK,18,15,0,0,"1,491",16.6,0,1,/en/players/e7434f04/Simon-Moore,7434f04,Simon-Moo
Jake Wright,eng ENG,DF,17,13,0,0,"1,258",14.0,0,0,/en/players/a9fc1782/Jake-Wright,9fc1782,Jake-Wright
Kieron Freeman,wls WAL,MF,10,10,0,1,789,8.8,0,0,/en/players/c13c24c8/Kieron-Freeman,c13c24c8,Kieron-Freem
David Brooks,wls WAL,"FW,MF",30,9,4,3,"1,162",12.9,5,0,/en/players/dc4cae05/David-Brooks,dc4cae05,David-Brook
Clayton Donaldson,jm JAM,FW,26,9,1,5,949,10.5,2,0,/en/players/d2e8446e/Clayton-Donaldson,d2e8446e,Clayton-Donaldso
Ryan Leonard,eng ENG,"MF,DF",13,6,0,0,489,5.4,0,0,/en/players/fd45ca7b/Ryan-Leonard,fd45ca7b,Ryan-Leonard
Samir Carruthers,ie IRL,MF,14,4,0,1,481,5.3,0,0,/en/players/5a853458/Samir-Carruthers,5a853458,Samir-Carruth
James Wilson,wls WAL,DF,8,4,0,1,316,3.5,1,0,/en/players/77621175/James-Wilson,77621175,James-Wilso
Ched Evans,wls WAL,FW,9,2,0,0,312,3.5,0,0,/en/players/bb770c52/Ched-Evans,bb770c52,Ched-Ev
Daniel Lafferty,nir NIR,MF,8,1,0,0,204,2.3,1,0,/en/players/cfc41f7a/Daniel-Lafferty,cfc41f7a,Daniel-Laffert
Ricky Holmes,eng ENG,MF,5,1,0,0,134,1.5,0,0,/en/players/27650ab0/Ricky-Holmes,27650ab0,Ricky-Holm
Caolan Lavery,ca CAN,FW,3,1,0,0,73,0.8,0,0,/en/players/58f204f3/Caolan-Lavery,58f204f3,Caolan-Lav
Nathan Thomas,eng ENG,"FW,MF",1,0,0,0,17,0.2,0,0,/en/players/050c28c1/Nathan-Thomas,050c28c1,Nathan-Thom
James Hanson,eng ENG,FW,1,0,0,0,16,0.2,0,0,/en/players/d8e0f3bc/James-Hanson,d8e0f3bc,James-Hanso
Regan Slater,eng ENG,MF,1,0,0,0,16,0.2,0,0,/en/players/ba4d4908/Regan-Slater,ba4d4908,Regan-Slat
Jake Eastwood,eng ENG,GK,1,0,0,0,15,0.2,0,0,/en/players/54d9b72d/Jake-Eastwood,54d9b72d,Jake-Eastwood
John Brayford,eng ENG,DF,0,0,,,,,,,/en/players/bab2f2a5/John-Brayford,bab2f2a5,John-Brayford
Ben Heneghan,eng ENG,DF,0,0,,,,,,,/en/players/846ac45b/Ben-Heneghan,846ac45b,Ben-Henegh
James Wilson,eng ENG,FW,0,0,,,,,,,/en/players/b0d786ee/James-Wilson,b0d786ee,James-Wilso
﻿2018-2019,Sheffield-United
Player,Nationality,Position,Game,Games Starts,Assists,Goals,Minutes,Minutes 90s,Yellow Card,Red Card,Link,Player_id,Player_name
﻿Dean Henderson,eng ENG,GK,46,46,1,0,"4,140",46.0,0,0,/en/players/e5a76dfe/Dean-Henderson,5a76dfe,Dean-Henderso
Enda Stevens,ie IRL,DF,45,45,6,4,"4,026",44.7,8,0,/en/players/17d4507a/Enda-Stevens,17d4507a,Enda-Stev
John Fleck,sct SCO,MF,45,45,10,2,"3,972",44.1,7,0,/en/players/b63e789d/John-Fleck,b63e789d,John-Fleck
John Egan,ie IRL,DF,44,44,1,1,"3,909",43.4,7,1,/en/players/debe38a0/John-Egan,debe38a0,John-Eg
Oliver Norwood,nir NIR,MF,43,43,8,3,"3,806",42.3,11,0,/en/players/43439614/Oliver-Norwood,43439614,Oliver-Norwood
Jack O'Connell,eng ENG,DF,41,41,3,3,"3,675",40.8,4,0,/en/players/312626c1/Jack-OConnell,312626c1,Jack-OCo
Chris Basham,eng ENG,"DF,MF",41,39,1,4,"3,386",37.6,12,1,/en/players/1aa84968/Chris-Basham,1aa84968,Chris-Basham
David McGoldrick,ie IRL,FW,45,36,4,15,"3,246",36.1,5,0,/en/players/dbe56a33/David-McGoldrick,dbe56a33,David-McGoldrick
Billy Sharp,eng ENG,FW,40,34,4,23,"3,013",33.5,3,0,/en/players/e8c9f4e9/Billy-Sharp,8c9f4e9,Billy-Sh
Mark Duffy,eng ENG,MF,36,32,6,6,"2,427",27.0,2,0,/en/players/d86ccbc9/Mark-Duffy,d86ccbc9,Mark-Duff
George Baldock,gr GRE,DF,27,26,2,1,"2,274",25.3,5,0,/en/players/394854c4/George-Baldock,394854c4,George-Baldock
Kieron Freeman,wls WAL,DF,20,20,4,2,"1,744",19.4,2,0,/en/players/c13c24c8/Kieron-Freeman,c13c24c8,Kieron-Freem
Leon Clarke,eng ENG,FW,24,9,3,3,943,10.5,1,0,/en/players/91c975a0/Leon-Clarke,91c975a0,Leon-Clark
Martin Cranie,eng ENG,DF,15,9,1,0,881,9.8,2,0,/en/players/9e53837d/Martin-Cranie,9e53837d,Martin-Crani
Kieran Dowell,eng ENG,"MF,DF",16,8,0,2,669,7.4,3,0,/en/players/2f6ec02a/Kieran-Dowell,2f6ec02a,Kieran-Dow
Gary Madine,eng ENG,FW,16,6,2,3,655,7.3,1,1,/en/players/e3e6502a/Gary-Madine,3e6502a,Gary-Madi
Scott Hogan,ie IRL,FW,8,5,1,2,434,4.8,0,0,/en/players/cdda4027/Scott-Hogan,cdda4027,Scott-Hog
John Lundstram,eng ENG,MF,10,5,1,0,409,4.5,0,0,/en/players/0df2b165/John-Lundstram,0df2b165,John-Lundstram
Richard Stearman,eng ENG,DF,16,3,0,1,449,5.0,0,0,/en/players/9a3a436e/Richard-Stearman,9a3a436e,Richard-Stearm
Marvin Johnson,eng ENG,DF,11,3,0,0,353,3.9,0,0,/en/players/dc82e7f1/Marvin-Johnson,dc82e7f1,Marvin-Johnso
Conor Washington,nir NIR,FW,15,3,1,0,304,3.4,0,0,/en/players/a20986b6/Conor-Washington,20986b6,Conor-Washingto
Lee Evans,wls WAL,MF,2,2,0,0,171,1.9,1,0,/en/players/8ba29cfb/Lee-Evans,8ba29cfb,Lee-Ev
Paul Coutts,sct SCO,MF,13,1,0,0,311,3.5,0,0,/en/players/e00c4257/Paul-Coutts,00c4257,Paul-Coutt
Ben Woodburn,wls WAL,MF,7,1,0,0,160,1.8,1,0,/en/players/8aadeaef/Ben-Woodburn,8aadeaef,Ben-Woodbu
Ryan Leonard,eng ENG,"MF,FW",3,0,0,0,62,0.7,0,0,/en/players/fd45ca7b/Ryan-Leonard,fd45ca7b,Ryan-Leonard
Daniel Lafferty,nir NIR,MF,1,0,0,0,19,0.2,0,0,/en/players/cfc41f7a/Daniel-Lafferty,cfc41f7a,Daniel-Laffert
Kean Bryan,eng ENG,"DF,MF",0,0,,,,,,,/en/players/c684d3c9/Kean-Bryan,c684d3c9,Kean-B
Caolan Lavery,ca CAN,FW,0,0,,,,,,,/en/players/58f204f3/Caolan-Lavery,58f204f3,Caolan-Lav
Simon Moore,eng ENG,GK,0,0,,,,,,,/en/players/e7434f04/Simon-Moore,7434f04,Simon-Moo
Rhys Norrington-Davies,wls WAL,"DF,MF",0,0,,,,,,,/en/players/ca76b087/Rhys-Norrington-Davies,ca76b087,Rhys-Norrington-Davi
Tyler Smith,eng ENG,FW,0,0,,,,,,,/en/players/c4cd16e5/Tyler-Smith,c4cd16e5,Tyler-Smith
﻿2019-2020,Sheffield-United
Player,Nationality,Position,Game,Games Starts,Assists,Goals,Minutes,Minutes 90s,Yellow Card,Red Card,Link,Player_id,Player_name
﻿George Baldock,gr GRE,DF,38,38,3,2,"3,420",38.0,7,0,/en/players/394854c4/George-Baldock,394854c4,George-Baldock
Enda Stevens,ie IRL,DF,38,38,4,2,"3,345",37.2,7,0,/en/players/17d4507a/Enda-Stevens,17d4507a,Enda-Stev
Chris Basham,eng ENG,DF,38,38,1,0,"3,242",36.0,4,0,/en/players/1aa84968/Chris-Basham,1aa84968,Chris-Basham
Oliver Norwood,nir NIR,MF,38,37,1,1,"3,090",34.3,8,0,/en/players/43439614/Oliver-Norwood,43439614,Oliver-Norwood
Dean Henderson,eng ENG,GK,36,36,0,0,"3,240",36.0,2,0,/en/players/e5a76dfe/Dean-Henderson,5a76dfe,Dean-Henderso
John Egan,ie IRL,DF,36,36,0,2,"3,187",35.4,5,1,/en/players/debe38a0/John-Egan,debe38a0,John-Eg
Jack O'Connell,eng ENG,DF,33,32,1,0,"2,916",32.4,4,0,/en/players/312626c1/Jack-OConnell,312626c1,Jack-OCo
John Fleck,sct SCO,MF,30,28,2,5,"2,516",28.0,8,0,/en/players/b63e789d/John-Fleck,b63e789d,John-Fleck
John Lundstram,eng ENG,MF,34,26,3,5,"2,458",27.3,5,0,/en/players/0df2b165/John-Lundstram,0df2b165,John-Lundstram
Oliver McBurnie,sct SCO,FW,36,24,0,6,"2,113",23.5,4,0,/en/players/78b8ac63/Oliver-McBurnie,78b8ac63,Oliver-McBurni
David McGoldrick,ie IRL,FW,28,22,2,2,"1,815",20.2,2,0,/en/players/dbe56a33/David-McGoldrick,dbe56a33,David-McGoldrick
Sander Berge,no NOR,MF,14,12,1,1,943,10.5,0,0,/en/players/d0b6129f/Sander-Berge,d0b6129f,Sander-Berg
Lys Mousset,fr FRA,FW,30,11,4,6,"1,240",13.8,1,0,/en/players/d9cfca3d/Lys-Mousset,d9cfca3d,Lys-Mousset
Billy Sharp,eng ENG,FW,25,10,2,3,"1,051",11.7,1,1,/en/players/e8c9f4e9/Billy-Sharp,8c9f4e9,Billy-Sh
Callum Robinson,ie IRL,"FW,MF",16,9,1,1,676,7.5,1,0,/en/players/e75750a3/Callum-Robinson,75750a3,Callum-Robinso
Ben Osborn,eng ENG,"MF,DF",13,6,0,0,594,6.6,0,0,/en/players/79bc4c45/Ben-Osborn,79bc4c45,Ben-Osbo
Jack Robinson,eng ENG,DF,6,6,0,0,504,5.6,0,0,/en/players/7399c7a8/Jack-Robinson,7399c7a8,Jack-Robinso
Luke Freeman,eng ENG,MF,11,3,0,0,366,4.1,2,0,/en/players/636b64cd/Luke-Freeman,636b64cd,Luke-Freem
Muhamed Bešić,ba BIH,MF,9,2,0,0,250,2.8,2,0,/en/players/7ca9f0f0/Muhamed-Besic,7ca9f0f0,Muhamed-Besic
Phil Jagielka,eng ENG,DF,6,2,0,0,244,2.7,0,0,/en/players/3233eefd/Phil-Jagielka,3233eefd,Phil-Jagielk
Simon Moore,eng ENG,GK,2,2,0,0,180,2.0,0,0,/en/players/e7434f04/Simon-Moore,7434f04,Simon-Moo
Richairo Živković,nl NED,FW,5,0,0,0,112,1.2,0,0,/en/players/d2d74d9c/Richairo-Zivkovic,d2d74d9c,Richairo-Zivkovic
Leon Clarke,eng ENG,"FW,MF",2,0,0,0,35,0.4,0,0,/en/players/91c975a0/Leon-Clarke,91c975a0,Leon-Clark
Jack Rodwell,eng ENG,MF,1,0,0,0,16,0.2,0,0,/en/players/a07579ee/Jack-Rodwell,07579ee,Jack-Rodw
Ravel Morrison,jm JAM,MF,1,0,0,0,13,0.1,0,0,/en/players/bf59c794/Ravel-Morrison,bf59c794,Ravel-Morriso
Kieron Freeman,wls WAL,FW,2,0,0,0,7,0.1,0,0,/en/players/c13c24c8/Kieron-Freeman,c13c24c8,Kieron-Freem
Jake Eastwood,eng ENG,GK,0,0,,,,,,,/en/players/54d9b72d/Jake-Eastwood,54d9b72d,Jake-Eastwood
Panagiotis Retsos,gr GRE,DF,0,0,,,,,,,/en/players/4bd00a50/Panagiotis-Retsos,4bd00a50,Panagiotis-Retso
Richard Stearman,eng ENG,DF,0,0,,,,,,,/en/players/9a3a436e/Richard-Stearman,9a3a436e,Richard-Stearm
Michael Verrips,nl NED,GK,0,0,,,,,,,/en/players/424595d5/Michael-Verrips,424595d5,Michael-Verri
﻿2020-2021,Sheffield-United
Player,Nationality,Position,Game,Games Starts,Assists,Goals,Minutes,Minutes 90s,Yellow Card,Red Card,Link,Player_id,Player_name
﻿Aaron Ramsdale,eng ENG,GK,38,38,0,0,"3,420",38.0,1,0,/en/players/466fb2c5/Aaron-Ramsdale,466fb2c5,Aaron-Ramsd
George Baldock,gr GRE,DF,32,32,2,0,"2,787",31.0,7,0,/en/players/394854c4/George-Baldock,394854c4,George-Baldock
Chris Basham,eng ENG,"DF,MF",31,31,1,0,"2,576",28.6,5,0,/en/players/1aa84968/Chris-Basham,1aa84968,Chris-Basham
Enda Stevens,ie IRL,DF,30,30,1,0,"2,700",30.0,6,0,/en/players/17d4507a/Enda-Stevens,17d4507a,Enda-Stev
John Egan,ie IRL,DF,31,30,1,0,"2,629",29.2,7,1,/en/players/debe38a0/John-Egan,debe38a0,John-Eg
John Fleck,sct SCO,MF,31,29,2,0,"2,575",28.6,4,0,/en/players/b63e789d/John-Fleck,b63e789d,John-Fleck
David McGoldrick,ie IRL,"FW,MF",35,28,1,8,"2,397",26.6,7,0,/en/players/dbe56a33/David-McGoldrick,dbe56a33,David-McGoldrick
Oliver Norwood,nir NIR,MF,32,26,0,0,"2,220",24.7,6,0,/en/players/43439614/Oliver-Norwood,43439614,Oliver-Norwood
Ethan Ampadu,wls WAL,"DF,MF",25,23,0,0,"2,089",23.2,3,0,/en/players/10b9fa99/Ethan-Ampadu,10b9fa99,Ethan-Ampadu
John Lundstram,eng ENG,MF,28,23,2,0,"2,032",22.6,8,1,/en/players/0df2b165/John-Lundstram,0df2b165,John-Lundstram
Ben Osborn,eng ENG,"MF,DF",24,17,0,1,"1,604",17.8,1,0,/en/players/79bc4c45/Ben-Osborn,79bc4c45,Ben-Osbo
Oliver Burke,sct SCO,FW,25,14,1,1,"1,269",14.1,2,0,/en/players/f631c17f/Oliver-Burke,f631c17f,Oliver-Burk
Sander Berge,no NOR,MF,15,13,1,1,"1,120",12.4,4,0,/en/players/d0b6129f/Sander-Berge,d0b6129f,Sander-Berg
Oliver McBurnie,sct SCO,FW,23,12,0,1,"1,324",14.7,2,0,/en/players/78b8ac63/Oliver-McBurnie,78b8ac63,Oliver-McBurni
Rhian Brewster,eng ENG,"FW,MF",27,12,0,0,"1,128",12.5,1,0,/en/players/30e81a88/Rhian-Brewster,30e81a88,Rhian-Brewst
Jayden Bogle,eng ENG,"DF,MF",16,12,0,2,"1,110",12.3,2,0,/en/players/ae5019e6/Jayden-Bogle,5019e6,Jayden-Bog
Kean Bryan,eng ENG,DF,13,12,0,1,"1,004",11.2,1,0,/en/players/c684d3c9/Kean-Bryan,c684d3c9,Kean-B
Jack Robinson,eng ENG,DF,11,9,1,0,877,9.7,3,0,/en/players/7399c7a8/Jack-Robinson,7399c7a8,Jack-Robinso
Billy Sharp,eng ENG,FW,16,7,0,3,735,8.2,1,0,/en/players/e8c9f4e9/Billy-Sharp,8c9f4e9,Billy-Sh
Max Lowe,eng ENG,DF,8,7,0,0,550,6.1,1,0,/en/players/7af88b33/Max-Lowe,7af88b33,Max-Low
Phil Jagielka,eng ENG,DF,10,6,0,0,526,5.8,1,1,/en/players/3233eefd/Phil-Jagielka,3233eefd,Phil-Jagielk
Daniel Jebbison,eng ENG,FW,4,3,0,1,284,3.2,0,0,/en/players/03edb878/Daniel-Jebbison,03edb878,Daniel-Jebbiso
Lys Mousset,fr FRA,"FW,MF",11,2,0,0,296,3.3,0,0,/en/players/d9cfca3d/Lys-Mousset,d9cfca3d,Lys-Mousset
Jack O'Connell,eng ENG,DF,2,2,0,0,180,2.0,0,0,/en/players/312626c1/Jack-OConnell,312626c1,Jack-OCo
Iliman Ndiaye,sn SEN,MF,1,0,0,0,12,0.1,0,0,/en/players/5ed97752/Iliman-Ndiaye,5ed97752,Iliman-Ndi
Antwoine Hackford,eng ENG,DF,1,0,0,0,11,0.1,0,0,/en/players/a7588cdc/Antwoine-Hackford,7588cdc,Antwoine-Hackford
Femi Seriki,eng ENG,MF,1,0,0,0,1,0.0,0,0,/en/players/e4e0deaa/Femi-Seriki,4e0deaa,Femi-Seriki
Harry Boyes,eng ENG,MF,0,0,,,,,,,/en/players/467bf546/Harry-Boyes,467bf546,Harry-Bo
Zak Brunt,eng ENG,MF,0,0,,,,,,,/en/players/a31f0ebf/Zak-Brunt,31f0ebf,Zak-Brunt
Wes Foderingham,eng ENG,GK,0,0,,,,,,,/en/players/96cf7b61/Wes-Foderingham,96cf7b61,Wes-Foderingham
Kyron Gordon,eng ENG,DF,0,0,,,,,,,/en/players/f4aba1af/Kyron-Gordon,f4aba1af,Kyron-Gordo
Frankie Maguire,eng ENG,MF,0,0,,,,,,,/en/players/3e5bd5e0/Frankie-Maguire,3e5bd5e0,Frankie-Magui
William Osula,dk DEN,FW,0,0,,,,,,,/en/players/7b355808/William-Osula,7b355808,William-Osu
Michael Verrips,nl NED,GK,0,0,,,,,,,/en/players/424595d5/Michael-Verrips,424595d5,Michael-Verri
﻿2021-2022,Sheffield-United
Player,Nationality,Position,Game,Games Starts,Assists,Goals,Minutes,Minutes 90s,Yellow Card,Red Card,Link,Player_id,Player_name
﻿John Egan,ie IRL,DF,46,46,2,2,"4,140",46.0,5,0,/en/players/debe38a0/John-Egan,debe38a0,John-Eg
Oliver Norwood,nir NIR,MF,44,42,4,1,"3,628",40.3,9,0,/en/players/43439614/Oliver-Norwood,43439614,Oliver-Norwood
Morgan Gibbs-White,eng ENG,"MF,FW",35,33,9,11,"2,865",31.8,8,1,/en/players/32f60ed8/Morgan-Gibbs-White,32f60ed8,Morgan-Gibbs-Whit
Wes Foderingham,eng ENG,GK,32,32,0,0,"2,880",32.0,1,0,/en/players/96cf7b61/Wes-Foderingham,96cf7b61,Wes-Foderingham
John Fleck,sct SCO,MF,35,31,2,1,"2,654",29.5,10,0,/en/players/b63e789d/John-Fleck,b63e789d,John-Fleck
Billy Sharp,eng ENG,FW,39,30,7,14,"2,693",29.9,4,0,/en/players/e8c9f4e9/Billy-Sharp,8c9f4e9,Billy-Sh
Jack Robinson,eng ENG,DF,27,26,1,3,"2,360",26.2,5,0,/en/players/7399c7a8/Jack-Robinson,7399c7a8,Jack-Robinso
Chris Basham,eng ENG,DF,28,24,1,0,"2,202",24.5,1,0,/en/players/1aa84968/Chris-Basham,1aa84968,Chris-Basham
George Baldock,gr GRE,DF,25,24,2,1,"2,037",22.6,6,0,/en/players/394854c4/George-Baldock,394854c4,George-Baldock
Iliman Ndiaye,sn SEN,"MF,FW",30,23,2,7,"1,829",20.3,4,0,/en/players/5ed97752/Iliman-Ndiaye,5ed97752,Iliman-Ndi
Sander Berge,no NOR,MF,31,22,3,5,"2,082",23.1,2,0,/en/players/d0b6129f/Sander-Berge,d0b6129f,Sander-Berg
Ben Osborn,eng ENG,"MF,DF",34,21,3,3,"1,956",21.7,1,0,/en/players/79bc4c45/Ben-Osborn,79bc4c45,Ben-Osbo
Ben Davies,eng ENG,DF,22,21,0,1,"1,887",21.0,3,0,/en/players/c9009a1f/Ben-Davies,c9009a1f,Ben-Davi
Enda Stevens,ie IRL,DF,22,21,3,1,"1,876",20.8,5,0,/en/players/17d4507a/Enda-Stevens,17d4507a,Enda-Stev
Rhys Norrington-Davies,wls WAL,DF,22,20,1,0,"1,795",19.9,4,0,/en/players/ca76b087/Rhys-Norrington-Davies,ca76b087,Rhys-Norrington-Davi
Jayden Bogle,eng ENG,DF,18,16,1,3,"1,468",16.3,5,0,/en/players/ae5019e6/Jayden-Bogle,5019e6,Jayden-Bog
Conor Hourihane,ie IRL,MF,29,15,4,1,"1,441",16.0,4,0,/en/players/fcab00a0/Conor-Hourihane,fcab00a0,Conor-Hourih
Robin Olsen,se SWE,GK,11,11,0,0,990,11.0,0,0,/en/players/e7ee38c3/Robin-Olsen,7ee38c3,Robin-O
Rhian Brewster,eng ENG,"FW,MF",14,10,0,3,797,8.9,2,0,/en/players/30e81a88/Rhian-Brewster,30e81a88,Rhian-Brewst
Oliver McBurnie,sct SCO,"FW,MF",28,9,2,0,"1,026",11.4,3,0,/en/players/78b8ac63/Oliver-McBurnie,78b8ac63,Oliver-McBurni
David McGoldrick,ie IRL,"MF,FW",19,9,4,2,973,10.8,1,0,/en/players/dbe56a33/David-McGoldrick,dbe56a33,David-McGoldrick
Kyron Gordon,eng ENG,DF,5,4,0,0,345,3.8,1,0,/en/players/f4aba1af/Kyron-Gordon,f4aba1af,Kyron-Gordo
Lys Mousset,fr FRA,FW,7,4,0,3,319,3.5,2,0,/en/players/d9cfca3d/Lys-Mousset,d9cfca3d,Lys-Mousset
Filip Uremović,hr CRO,DF,3,3,0,0,197,2.2,1,0,/en/players/af842091/Filip-Uremovic,f842091,Filip-Uremovic
Aaron Ramsdale,eng ENG,GK,2,2,0,0,180,2.0,0,0,/en/players/466fb2c5/Aaron-Ramsdale,466fb2c5,Aaron-Ramsd
Oliver Burke,sct SCO,"FW,MF",3,2,0,0,170,1.9,0,0,/en/players/f631c17f/Oliver-Burke,f631c17f,Oliver-Burk
Daniel Jebbison,eng ENG,"FW,MF",8,1,0,0,202,2.2,1,0,/en/players/03edb878/Daniel-Jebbison,03edb878,Daniel-Jebbiso
Luke Freeman,eng ENG,MF,4,1,0,0,143,1.6,0,0,/en/players/636b64cd/Luke-Freeman,636b64cd,Luke-Freem
Michael Verrips,nl NED,GK,1,1,0,0,90,1.0,0,0,/en/players/424595d5/Michael-Verrips,424595d5,Michael-Verri
Charlie Goode,eng ENG,DF,2,1,0,0,87,1.0,0,1,/en/players/7aee4dd3/Charlie-Goode,7aee4dd3,Charlie-Good
Femi Seriki,eng ENG,DF,1,1,0,0,66,0.7,0,0,/en/players/e4e0deaa/Femi-Seriki,4e0deaa,Femi-Seriki
William Osula,dk DEN,FW,5,0,0,0,74,0.8,0,0,/en/players/7b355808/William-Osula,7b355808,William-Osu
Adlène Guedioura,dz ALG,MF,1,0,0,0,26,0.3,1,0,/en/players/f75825e3/Adlene-Guedioura,f75825e3,Adlene-Guediou
Oliver Arblaster,eng ENG,MF,0,0,,,,,,,/en/players/afe1a491/Oliver-Arblaster,fe1a491,Oliver-Arblast
Adam Davies,wls WAL,GK,0,0,,,,,,,/en/players/71894777/Adam-Davies,71894777,Adam-Davi
Jake Eastwood,eng ENG,GK,0,0,,,,,,,/en/players/54d9b72d/Jake-Eastwood,54d9b72d,Jake-Eastwood
Nickseon Gomis,fr FRA,DF,0,0,,,,,,,/en/players/3c2d167e/Nickseon-Gomis,3c2d167e,Nickseon-Gomi
Regan Slater,eng ENG,MF,0,0,,,,,,,/en/players/ba4d4908/Regan-Slater,ba4d4908,Regan-Slat
Joseph Starbuck,eng ENG,MF,0,0,,,,,,,/en/players/742d8117/Joseph-Starbuck,742d8117,Joseph-Starbuck
Kacper Łopata,pl POL,DF,0,0,,,,,,,/en/players/86862905/Kacper-Lopata,86862905,Kacper-Lopat
