2021-2022,Crotone
Player,Nationality,Position,Game,Games Starts,Assists,Goals,Minutes,Minutes 90s,Yellow Card,Red Card,Link,Player_id,Player_name
﻿Mirko Marić,hr CRO,"FW,MF",36,31,5,11,"2,899",32.2,1,0,/en/players/78338347/Mirko-Maric,78338347,Mirko-Maric
Ionuț Nedelcearu,ro ROU,DF,34,31,0,2,"2,703",30.0,6,0,/en/players/7e40455a/Ionut-Nedelcearu,7e40455a,Ionut-Nedelcearu
Nahuel Estévez,ar ARG,MF,27,26,4,0,"2,146",23.8,9,0,/en/players/cec60a2f/Nahuel-Estevez,cec60a2f,Nahuel-Estevez
Marco Festa,it ITA,GK,26,24,0,0,"2,271",25.2,0,0,/en/players/c195ae4a/Marco-Festa,c195ae4a,Marco-Fest
Simone Canestrelli,it ITA,DF,26,24,1,2,"2,143",23.8,9,1,/en/players/d8c54a50/Simone-Canestrelli,d8c54a50,Simone-Canestrelli
Samuele Mulattieri,it ITA,FW,28,21,0,6,"1,929",21.4,1,0,/en/players/30297946/Samuele-Mulattieri,30297946,Samuele-Mulattieri
Giuseppe Cuomo,it ITA,DF,19,18,0,1,"1,633",18.1,2,1,/en/players/ae5b04fe/Giuseppe-Cuomo,5b04fe,Giuseppe-Cuomo
Theophilus Awua,ng NGA,MF,18,18,0,0,"1,519",16.9,6,0,/en/players/8b8b5890/Theophilus-Awua,8b8b5890,Theophilus-Awu
Augustus Kargbo,sl SLE,"MF,FW",32,17,2,3,"1,690",18.8,3,1,/en/players/0c8f27b5/Augustus-Kargbo,0c8f27b5,Augustus-Kargbo
Vladimir Golemić,si SVN,DF,17,17,1,2,"1,522",16.9,5,0,/en/players/1db295e5/Vladimir-Golemic,1db295e5,Vladimir-Golemic
Vasile Mogos,ro ROU,MF,24,17,1,1,"1,474",16.4,3,0,/en/players/5a8d43dd/Vasile-Mogos,5a8d43dd,Vasile-Mogo
Marco Sala,it ITA,"MF,DF",28,15,2,0,"1,419",15.8,4,0,/en/players/0c57be8b/Marco-Sala,0c57be8b,Marco-S
Salvatore Molina,it ITA,"MF,DF",17,15,0,0,"1,303",14.5,4,0,/en/players/54ab971f/Salvatore-Molina,54ab971f,Salvatore-Moli
Miloš Vulić,rs SRB,MF,19,14,1,0,"1,270",14.1,4,0,/en/players/5944af8f/Milos-Vulic,5944af8f,Milos-Vulic
Manuel Marras,it ITA,MF,15,12,3,3,"1,007",11.2,1,0,/en/players/5c4c8f5a/Manuel-Marras,5c4c8f5a,Manuel-M
Nehuén Paz,ar ARG,DF,13,12,0,0,957,10.6,0,0,/en/players/42b1a58a/Nehuen-Paz,42b1a58a,Nehuen-Paz
Luca Calapai,it ITA,"MF,DF",14,11,0,1,954,10.6,2,0,/en/players/4d755c41/Luca-Calapai,4d755c41,Luca-Calapai
Pasquale Giannotti,it ITA,MF,23,10,0,0,"1,064",11.8,7,1,/en/players/19717ecf/Pasquale-Giannotti,19717ecf,Pasquale-Giannotti
Niccolò Zanellato,it ITA,MF,14,10,1,1,887,9.9,2,0,/en/players/741e058f/Niccolo-Zanellato,741e058f,Niccolo-Zanellato
David Schnegg,at AUT,MF,15,10,0,1,835,9.3,6,1,/en/players/1c341b14/David-Schnegg,1c341b14,David-Schnegg
Ahmad Benali,ly LBY,"MF,FW",11,10,1,2,808,9.0,3,0,/en/players/a128b07e/Ahmad-Benali,128b07e,Ahmad-Benali
Giuseppe Borello,it ITA,"MF,FW",19,9,1,1,735,8.2,3,0,/en/players/498df2a6/Giuseppe-Borello,498df2a6,Giuseppe-Borello
Ben Lhassine Kone,ci CIV,MF,16,7,1,1,692,7.7,5,0,/en/players/7452c7a8/Ben-Lhassine-Kone,7452c7a8,Ben-Lhassine-Ko
Gianluca Saro,it ITA,GK,7,7,0,0,630,7.0,0,0,/en/players/d8e7087b/Gianluca-Saro,d8e7087b,Gianluca-Saro
Nikita Contini Baranovsky,it ITA,GK,7,7,0,0,519,5.8,0,0,/en/players/e95069bb/Nikita-Contini-Baranovsky,95069bb,Nikita-Contini-Baranovsk
Godfred Donsah,gh GHA,MF,14,6,0,1,611,6.8,1,0,/en/players/384dd218/Godfred-Donsah,384dd218,Godfred-Donsah
Thomas Schirò,it ITA,MF,14,5,1,0,505,5.6,1,1,/en/players/58d48ed0/Thomas-Schiro,58d48ed0,Thomas-Schiro
Davide Mondonico,it ITA,DF,6,4,0,0,341,3.8,1,0,/en/players/a1805e06/Davide-Mondonico,1805e06,Davide-Mondonico
Brain Oddei,it ITA,"MF,FW",11,3,0,0,304,3.4,2,0,/en/players/97e8ea97/Brain-Oddei,97e8ea97,Brain-Oddei
Santiago Visentin,ar ARG,DF,5,3,0,0,273,3.0,3,0,/en/players/cf5430ad/Santiago-Visentin,cf5430ad,Santiago-Visenti
Gianmarco Cangiano,it ITA,"MF,FW",7,3,1,0,249,2.8,0,0,/en/players/a36084cd/Gianmarco-Cangiano,36084cd,Gianmarco-Cangiano
Manuel Nicoletti,it ITA,MF,2,1,0,0,53,0.6,0,0,/en/players/a0e3b896/Manuel-Nicoletti,0e3b896,Manuel-Nicoletti
Bobby Adekanye,nl NED,FW,4,0,0,0,75,0.8,1,0,/en/players/3ed84b2c/Bobby-Adekanye,3ed84b2c,Bobby-Adek
Musa Juwara,gm GAM,FW,3,0,1,0,36,0.4,0,0,/en/players/7737dee2/Musa-Juwara,7737dee2,Musa-Juw
Emre Güral,tr TUR,"FW,MF",1,0,0,0,13,0.1,0,0,/en/players/7c2fdecd/Emre-Gural,7c2fdecd,Emre-Gu
Luis Rojas,cl CHI,MF,1,0,0,0,9,0.1,0,0,/en/players/11e0904f/Luis-Rojas,11e0904f,Luis-Roj
Luca Gozzo,it ITA,FW,1,0,0,0,4,0.0,0,0,/en/players/0c7ba5c3/Luca-Gozzo,0c7ba5c3,Luca-Gozzo
Giovanni Bruzzaniti,it ITA,FW,0,0,,,,,,,/en/players/f91f21b1/Giovanni-Bruzzaniti,f91f21b1,Giovanni-Bruzzaniti
Giovanni D'Aprile,it ITA,DF,0,0,,,,,,,/en/players/73744382/Giovanni-DAprile,73744382,Giovanni-DApri
Alberto Lucano,it ITA,GK,0,0,,,,,,,/en/players/067dfcb5/Alberto-Lucano,067dfcb5,Alberto-Lucano
Alessandro Maesano,it ITA,FW,0,0,,,,,,,/en/players/aa9f65d4/Alessandro-Maesano,9f65d4,Alessandro-Maesano
Domenico Pasqua,it ITA,GK,0,0,,,,,,,/en/players/3b3e321e/Domenico-Pasqua,3b3e321e,Domenico-Pasqu
Zak Ruggiero,eng ENG,FW,0,0,,,,,,,/en/players/5f7a97b6/Zak-Ruggiero,5f7a97b6,Zak-Ruggiero
Laurens Serpe,it ITA,DF,0,0,,,,,,,/en/players/79d60e74/Laurens-Serpe,79d60e74,Laurens-S
Cosimo Spezzano,it ITA,DF,0,0,,,,,,,/en/players/2e9a8fd5/Cosimo-Spezzano,2e9a8fd5,Cosimo-Spezzano
Paolo Tornaghi,it ITA,GK,0,0,,,,,,,/en/players/f1e5709c/Paolo-Tornaghi,f1e5709c,Paolo-Tornaghi
Artemijus Tutyškinas,lt LTU,DF,0,0,,,,,,,/en/players/ad61f2a2/Artemijus-Tutyskinas,d61f2a2,Artemijus-Tutyski
