2007-2008,Metz
Player,Nationality,Position,Game,Games Starts,Assists,Goals,Minutes,Minutes 90s,Yellow Card,Red Card,Link,Player_id,Player_name
﻿Christophe Marichez,fr FRA,GK,36,36,0,0,"3,238",36.0,0,0,/en/players/ec7d6fcb/Christophe-Marichez,c7d6fcb,Christophe-Marichez
Julien François,fr FRA,MF,33,33,0,1,"2,840",31.6,9,0,/en/players/117046b0/Julien-Francois,117046b0,Julien-Francoi
Cheikh Gueye,sn SEN,DF,31,28,1,1,"2,504",27.8,10,0,/en/players/68e66059/Cheikh-Gueye,68e66059,Cheikh-Gu
Laurent Agouazi,dz ALG,MF,32,28,2,0,"2,367",26.3,3,0,/en/players/114e5717/Laurent-Agouazi,114e5717,Laurent-Agouazi
Pape Malick Diop,sn SEN,"DF,MF",28,27,0,1,"2,466",27.4,4,0,/en/players/419b6ed0/Pape-Malick-Diop,419b6ed0,Pape-Malick-Dio
Miralem Pjanić,ba BIH,MF,32,27,1,4,"2,389",26.5,5,0,/en/players/ad6df2d5/Miralem-Pjanic,d6df2d5,Miralem-Pjanic
Éric Cubilier,fr FRA,DF,22,22,0,0,"1,916",21.3,5,1,/en/players/1bc08c91/Eric-Cubilier,1bc08c91,Eric-Cubili
Daniel Gygax,ch SUI,"FW,MF",25,21,1,2,"1,741",19.3,2,0,/en/players/7c0c8464/Daniel-Gygax,7c0c8464,Daniel-Gygax
Pascal Delhommeau,fr FRA,DF,25,20,0,0,"1,875",20.8,6,0,/en/players/be71c254/Pascal-Delhommeau,be71c254,Pascal-Delhommeau
Cédric Barbosa,fr FRA,MF,20,19,2,4,"1,647",18.3,7,1,/en/players/21378be8/Cedric-Barbosa,21378be8,Cedric-Barbo
Sébastien Bassong,cm CMR,DF,19,19,0,0,"1,551",17.2,1,1,/en/players/0d521662/Sebastien-Bassong,0d521662,Sebastien-Bassong
Babacar Gueye,sn SEN,FW,26,17,4,6,"1,584",17.6,1,0,/en/players/10f47570/Babacar-Gueye,10f47570,Babacar-Gu
Jeff Strasser,lu LUX,DF,17,16,0,0,"1,469",16.3,3,0,/en/players/d784f294/Jeff-Strasser,d784f294,Jeff-St
Wilmer Aguirre,pe PER,"FW,MF",17,13,0,2,"1,136",12.6,3,0,/en/players/9837055b/Wilmer-Aguirre,9837055b,Wilmer-Agui
Sébastien Renouard,fr FRA,MF,17,13,0,0,"1,074",11.9,3,0,/en/players/66ae6e46/Sebastien-Renouard,66ae6e46,Sebastien-Renouard
Stéphane Léoni,fr FRA,DF,11,10,0,0,899,10.0,4,0,/en/players/29bcfe77/Stephane-Leoni,29bcfe77,Stephane-Leoni
Matheus Vivian,br BRA,DF,11,10,0,0,743,8.3,2,0,/en/players/72a87101/Matheus-Vivian,72a87101,Matheus-Vivi
Momar N'Diaye,sn SEN,FW,28,9,2,4,"1,070",11.9,2,0,/en/players/e615b0be/Momar-NDiaye,615b0be,Momar-NDi
Vincent Bessat,fr FRA,"DF,MF",18,9,0,2,838,9.3,1,0,/en/players/5e6342d4/Vincent-Bessat,5e6342d4,Vincent-Bessat
Rudy Gestede,bj BEN,FW,12,6,1,0,690,7.7,0,0,/en/players/822b3ef9/Rudy-Gestede,822b3ef9,Rudy-Gested
Gaëtan Bong,cm CMR,DF,11,5,0,0,669,7.4,1,0,/en/players/cfd5e123/Gaetan-Bong,cfd5e123,Gaetan-Bong
Papiss Cissé,sn SEN,FW,9,5,0,0,483,5.4,0,1,/en/players/40f3ff51/Papiss-Cisse,40f3ff51,Papiss-Ci
Flavien Belson,fr FRA,MF,6,3,0,0,327,3.6,4,0,/en/players/bd0159ba/Flavien-Belson,bd0159ba,Flavien-Belso
Jean-Emmanuel Effa Owona,cm CMR,FW,5,3,0,0,297,3.3,0,0,/en/players/9841ea0e/Jean-Emmanuel-Effa-Owona,9841ea0e,Jean-Emmanuel-Effa-Owo
Cyril Chapuis,fr FRA,FW,7,3,0,0,284,3.2,0,0,/en/players/a6921a34/Cyril-Chapuis,6921a34,Cyril-Chapui
Manuel Corrales,pe PER,DF,4,3,0,0,276,3.1,2,0,/en/players/0d1a06f8/Manuel-Corrales,0d1a06f8,Manuel-Co
Luís Manuel Ferreira Delgado,ao ANG,DF,3,3,0,0,270,3.0,0,0,/en/players/f9c0ccb5/Luis-Manuel-Ferreira-Delgado,f9c0ccb5,Luis-Manuel-Ferreira-Delgado
Dino Djiba,sn SEN,MF,6,2,0,0,191,2.1,1,0,/en/players/4a53debd/Dino-Djiba,4a53debd,Dino-Djib
Richard Trivino,fr FRA,GK,2,2,0,0,180,2.0,0,0,/en/players/a7deaada/Richard-Trivino,7deaada,Richard-Trivino
Oumar Pouye,sn SEN,MF,4,1,0,0,138,1.5,0,0,/en/players/485d0163/Oumar-Pouye,485d0163,Oumar-Pou
Arnaud Anastassowa,fr FRA,DF,1,1,0,0,90,1.0,0,0,/en/players/5093800f/Arnaud-Anastassowa,5093800f,Arnaud-Anastassow
Cédric Anton,fr FRA,DF,1,1,0,0,90,1.0,0,0,/en/players/1d13e13c/Cedric-Anton,1d13e13c,Cedric-Anto
Abdoulaye Baldé,fr FRA,FW,3,1,0,0,86,1.0,0,0,/en/players/a2fb77de/Abdoulaye-Balde,2fb77de,Abdoulaye-Bald
Milan Thomas,fr FRA,MF,1,1,0,0,74,0.8,0,0,/en/players/7d4a2b19/Milan-Thomas,7d4a2b19,Milan-Thom
Julien Cardy,fr FRA,MF,1,1,0,0,45,0.5,1,0,/en/players/ca57c481/Julien-Cardy,ca57c481,Julien-Card
Emmanuel Françoise,fr FRA,MF,1,0,0,0,29,0.3,0,0,/en/players/57b30141/Emmanuel-Francoise,57b30141,Emmanuel-Francoi
Ou Kyoung-jun,kr KOR,FW,1,0,0,0,6,0.1,0,0,/en/players/a7b0c4fe/Ou-Kyoung-jun,7b0c4fe,Ou-Kyoung-ju
Pierre Ebéde,cm CMR,GK,1,0,0,0,2,0.0,1,0,/en/players/4aa6897d/Pierre-Ebede,4aa6897d,Pierre-Ebed
