Unnamed: 0,Player,Link,Player_id,Player_name,Nationality,Position,club
0,﻿Paul Watson,/en/players/eb006b70/Paul-Watson,b006b70,Paul-Watso,eng ENG,DF,Brighton-and-Hove-Albion
1,Danny Cullip,/en/players/bc840c58/Danny-Cullip,bc840c58,Danny-Culli,eng ENG,DF,Brighton-and-Hove-Albion
2,Richard Carpenter,/en/players/651040d3/Richard-Carpenter,651040d3,Richard-Carpent,eng ENG,MF,Brighton-and-Hove-Albion
3,Kerry Mayo,/en/players/ec358d87/Kerry-Mayo,c358d87,Kerry-Mayo,eng ENG,DF,Brighton-and-Hove-Albion
4,Bobby Zamora,/en/players/7ddb3563/Bobby-Zamora,7ddb3563,Bobby-Zamo,eng ENG,FW,Brighton-and-Hove-Albion
5,Paul Brooker,/en/players/e46d3790/Paul-Brooker,46d3790,Paul-Brook,eng ENG,MF,Brighton-and-Hove-Albion
6,Gary Hart,/en/players/5b2f74e0/Gary-Hart,5b2f74e0,Gary-Hart,eng ENG,FW,Brighton-and-Hove-Albion
7,Simon Rodger,/en/players/673eb256/Simon-Rodger,673eb256,Simon-Rodg,eng ENG,MF,Brighton-and-Hove-Albion
9,Michel Kuipers,/en/players/e7baffee/Michel-Kuipers,7baffee,Michel-Kui,nl NED,GK,Brighton-and-Hove-Albion
10,Graham Barrett,/en/players/581d9b8f/Graham-Barrett,581d9b8f,Graham-Barrett,ie IRL,FW,Brighton-and-Hove-Albion
11,Charlie Oatway,/en/players/4f3ca37d/Charlie-Oatway,4f3ca37d,Charlie-Oatw,eng ENG,MF,Brighton-and-Hove-Albion
12,Dean Blackwell,/en/players/9ed3d8ed/Dean-Blackwell,9ed3d8ed,Dean-Blackw,eng ENG,DF,Brighton-and-Hove-Albion
13,Nathan Jones,/en/players/6c212a97/Nathan-Jones,6c212a97,Nathan-Jo,wls WAL,DF,Brighton-and-Hove-Albion
14,Dave Beasant,/en/players/2e448746/Dave-Beasant,2e448746,Dave-Beasant,eng ENG,GK,Brighton-and-Hove-Albion
15,Paul Kitson,/en/players/86707c0d/Paul-Kitson,86707c0d,Paul-Kitso,eng ENG,FW,Brighton-and-Hove-Albion
16,Dan Marney,/en/players/88499e50/Dan-Marney,88499e50,Dan-M,eng ENG,FW,Brighton-and-Hove-Albion
17,Andy Petterson,/en/players/6684625c/Andy-Petterson,6684625c,Andy-Petterso,au AUS,GK,Brighton-and-Hove-Albion
18,Guy Butters,/en/players/884b3652/Guy-Butters,884b3652,Guy-Butt,eng ENG,DF,Brighton-and-Hove-Albion
19,Steve Melton,/en/players/1dffb9b4/Steve-Melton,1dffb9b4,Steve-Melto,eng ENG,MF,Brighton-and-Hove-Albion
20,Shaun Wilkinson,/en/players/0a53028e/Shaun-Wilkinson,0a53028e,Shaun-Wilkinso,eng ENG,MF,Brighton-and-Hove-Albion
21,Adam Hinshelwood,/en/players/197847c4/Adam-Hinshelwood,197847c4,Adam-Hinshelwood,eng ENG,DF,Brighton-and-Hove-Albion
22,Ben Roberts,/en/players/c6816db7/Ben-Roberts,c6816db7,Ben-Robert,eng ENG,GK,Brighton-and-Hove-Albion
23,Adam Virgo,/en/players/9e5f56a7/Adam-Virgo,9e5f56a7,Adam-Virgo,eng ENG,DF,Brighton-and-Hove-Albion
24,Paul Rogers,/en/players/3191f5c4/Paul-Rogers,3191f5c4,Paul-Rog,eng ENG,MF,Brighton-and-Hove-Albion
25,John Piercy,/en/players/5a9436c4/John-Piercy,5a9436c4,John-Pierc,eng ENG,MF,Brighton-and-Hove-Albion
26,Dean Hammond,/en/players/577c12e5/Dean-Hammond,577c12e5,Dean-Hammond,eng ENG,MF,Brighton-and-Hove-Albion
27,Daniel Webb,/en/players/009eb586/Daniel-Webb,009eb586,Daniel-Webb,eng ENG,DF,Brighton-and-Hove-Albion
28,Chris McPhee,/en/players/d7a8ec08/Chris-McPhee,d7a8ec08,Chris-McPh,eng ENG,"FW,MF",Brighton-and-Hove-Albion
29,Dan Harding,/en/players/f0ccb090/Dan-Harding,f0ccb090,Dan-Harding,eng ENG,DF,Brighton-and-Hove-Albion
31,Leon Knight,/en/players/0c4a65b2/Leon-Knight,0c4a65b2,Leon-Knight,eng ENG,FW,Brighton-and-Hove-Albion
32,Trevor Benjamin,/en/players/c5328061/Trevor-Benjamin,c5328061,Trevor-Benjami,jm JAM,FW,Brighton-and-Hove-Albion
33,Chris Iwelumo,/en/players/628dd7b5/Chris-Iwelumo,628dd7b5,Chris-Iwelumo,sct SCO,FW,Brighton-and-Hove-Albion
34,Darius Henderson,/en/players/ea503cef/Darius-Henderson,503cef,Darius-Henderso,eng ENG,FW,Brighton-and-Hove-Albion
35,Zesh Rehman,/en/players/25f78221/Zesh-Rehman,25f78221,Zesh-Rehm,pk PAK,DF,Brighton-and-Hove-Albion
36,Mark Yeates,/en/players/b3922703/Mark-Yeates,b3922703,Mark-Yeat,ie IRL,"DF,FW",Brighton-and-Hove-Albion
37,Adam El-Abd,/en/players/4eb90566/Adam-El-Abd,4eb90566,Adam-El-Abd,eg EGY,DF,Brighton-and-Hove-Albion
38,Paul Reid,/en/players/a8a97536/Paul-Reid,8a97536,Paul-Reid,au AUS,"DF,MF",Brighton-and-Hove-Albion
39,Ross Flitney,/en/players/15817cc2/Ross-Flitney,15817cc2,Ross-Flit,eng ENG,GK,Brighton-and-Hove-Albion
40,Stuart Jones,/en/players/74d35e7b/Stuart-Jones,74d35e7b,Stuart-Jo,eng ENG,GK,Brighton-and-Hove-Albion
41,Jake Robinson,/en/players/3c5c777f/Jake-Robinson,3c5c777f,Jake-Robinso,eng ENG,"FW,MF",Brighton-and-Hove-Albion
42,David Lee,/en/players/aa5c0262/David-Lee,5c0262,David-L,eng ENG,MF,Brighton-and-Hove-Albion
43,Alexis Nicolas,/en/players/a18d30fa/Alexis-Nicolas,18d30fa,Alexis-Nico,cy CYP,MF,Brighton-and-Hove-Albion
44,Mark McCammon,/en/players/0528d679/Mark-McCammon,0528d679,Mark-McCammo,bb BRB,FW,Brighton-and-Hove-Albion
45,Alan Blayney,/en/players/16c7a4a9/Alan-Blayney,16c7a4a9,Alan-B,nir NIR,GK,Brighton-and-Hove-Albion
46,Rami Shaaban,/en/players/d0fedd59/Rami-Shaaban,d0fedd59,Rami-Shaab,se SWE,GK,Brighton-and-Hove-Albion
47,Steve Claridge,/en/players/77fcd60c/Steve-Claridge,77fcd60c,Steve-Claridg,eng ENG,FW,Brighton-and-Hove-Albion
48,Maheta Molango,/en/players/d08cb523/Maheta-Molango,d08cb523,Maheta-Molango,cg CGO,FW,Brighton-and-Hove-Albion
49,Albert Jarrett,/en/players/b2cc7cc0/Albert-Jarrett,b2cc7cc0,Albert-Jarrett,sl SLE,MF,Brighton-and-Hove-Albion
50,David Yelldell,/en/players/915e8ac2/David-Yelldell,915e8ac2,David-Yelld,us USA,GK,Brighton-and-Hove-Albion
51,Joe Dolan,/en/players/0b5be546/Joe-Dolan,0b5be546,Joe-Do,nir NIR,DF,Brighton-and-Hove-Albion
52,Paul McShane,/en/players/5785993d/Paul-McShane,5785993d,Paul-McSh,ie IRL,DF,Brighton-and-Hove-Albion
53,Sébastien Carole,/en/players/abea3689/Sebastien-Carole,bea3689,Sebastien-Caro,fr FRA,MF,Brighton-and-Hove-Albion
54,Alexandre Frutos,/en/players/a0055a0e/Alexandre-Frutos,0055a0e,Alexandre-Fruto,fr FRA,"FW,MF",Brighton-and-Hove-Albion
55,Colin Kazim-Richards,/en/players/ca9e7345/Colin-Kazim-Richards,ca9e7345,Colin-Kazim-Richard,tr TUR,"FW,MF",Brighton-and-Hove-Albion
56,Joel Lynch,/en/players/a424ca21/Joel-Lynch,424ca21,Joel-Lynch,wls WAL,DF,Brighton-and-Hove-Albion
57,Jason Dodd,/en/players/df15c7a1/Jason-Dodd,df15c7a1,Jason-Dodd,eng ENG,DF,Brighton-and-Hove-Albion
58,Joe Gatting,/en/players/0e0fddd1/Joe-Gatting,0e0fddd1,Joe-Gatting,eng ENG,FW,Brighton-and-Hove-Albion
59,Federico Turienzo,/en/players/c2b84a55/Federico-Turienzo,c2b84a55,Federico-Turienzo,ar ARG,FW,Brighton-and-Hove-Albion
60,Florent Chaigneau,/en/players/e3a4b82d/Florent-Chaigneau,3a4b82d,Florent-Chaigneau,fr FRA,GK,Brighton-and-Hove-Albion
61,Gary Elphick,/en/players/f6bc9a20/Gary-Elphick,f6bc9a20,Gary-Elphick,eng ENG,DF,Brighton-and-Hove-Albion
62,Doug Loft,/en/players/da5ee57b/Doug-Loft,da5ee57b,Doug-Loft,eng ENG,"DF,MF",Brighton-and-Hove-Albion
63,﻿Dean Cox,/en/players/f419ee74/Dean-Cox,f419ee74,Dean-Cox,eng ENG,MF,Brighton-and-Hove-Albion
64,Alex Revell,/en/players/b64dae45/Alex-Revell,b64dae45,Alex-Rev,eng ENG,FW,Brighton-and-Hove-Albion
65,Sam Rents,/en/players/bad6b8d6/Sam-Rents,bad6b8d6,Sam-Rent,eng ENG,DF,Brighton-and-Hove-Albion
66,Tommy Fraser,/en/players/18f09529/Tommy-Fraser,18f09529,Tommy-F,eng ENG,MF,Brighton-and-Hove-Albion
67,Alexis Bertin,/en/players/147225c1/Alexis-Bertin,147225c1,Alexis-Berti,fr FRA,MF,Brighton-and-Hove-Albion
68,Bas Savage,/en/players/f51845bb/Bas-Savage,f51845bb,Bas-Savag,eng ENG,FW,Brighton-and-Hove-Albion
69,Scott Flinders,/en/players/db1aa85c/Scott-Flinders,db1aa85c,Scott-Flind,eng ENG,GK,Brighton-and-Hove-Albion
70,Andrew Whing,/en/players/6e07cede/Andrew-Whing,6e07cede,Andrew-Whing,eng ENG,"DF,MF",Brighton-and-Hove-Albion
71,Nathan Elder,/en/players/685f3be9/Nathan-Elder,685f3be9,Nathan-Eld,eng ENG,FW,Brighton-and-Hove-Albion
72,Georges Santos,/en/players/6d3ec95c/Georges-Santos,6d3ec95c,Georges-Santo,cv CPV,"DF,MF",Brighton-and-Hove-Albion
73,Joe O'Cearuill,/en/players/467e4738/Joe-OCearuill,467e4738,Joe-OCearui,ie IRL,DF,Brighton-and-Hove-Albion
74,Nick Ward,/en/players/6da7b50a/Nick-Ward,6da7b50a,Nick-Ward,au AUS,MF,Brighton-and-Hove-Albion
75,Tony Stokes,/en/players/30bbf7f9/Tony-Stokes,30bbf7f9,Tony-Stok,eng ENG,MF,Brighton-and-Hove-Albion
76,Sam Williams,/en/players/bffe01ce/Sam-Williams,bffe01ce,Sam-William,eng ENG,FW,Brighton-and-Hove-Albion
77,Tommy Elphick,/en/players/14caf5c9/Tommy-Elphick,14caf5c9,Tommy-Elphick,eng ENG,DF,Brighton-and-Hove-Albion
78,Alistair John,/en/players/14a3ec09/Alistair-John,14a3ec09,Alistair-Joh,eng ENG,MF,Brighton-and-Hove-Albion
79,Dean Bowditch,/en/players/5b20043e/Dean-Bowditch,5b20043e,Dean-Bowditch,eng ENG,"FW,MF",Brighton-and-Hove-Albion
80,Nicky Forster,/en/players/8947bae8/Nicky-Forster,8947bae8,Nicky-Forst,eng ENG,FW,Brighton-and-Hove-Albion
81,Matt Richards,/en/players/427bceb7/Matt-Richards,427bceb7,Matt-Richard,eng ENG,MF,Brighton-and-Hove-Albion
82,Glenn Murray,/en/players/f2f29dda/Glenn-Murray,f2f29dda,Glenn-Mu,eng ENG,FW,Brighton-and-Hove-Albion
83,Steven Thomson,/en/players/4232d16d/Steven-Thomson,4232d16d,Steven-Thomso,sct SCO,MF,Brighton-and-Hove-Albion
84,David Martot,/en/players/9e3e8bf1/David-Martot,9e3e8bf1,David-Martot,fr FRA,MF,Brighton-and-Hove-Albion
85,George O'Callaghan,/en/players/dbd827f7/George-OCallaghan,dbd827f7,George-OCallagh,ie IRL,MF,Brighton-and-Hove-Albion
86,Ian Westlake,/en/players/ce534927/Ian-Westlake,ce534927,Ian-Westlak,eng ENG,MF,Brighton-and-Hove-Albion
87,Therry Racon,/en/players/3bcedbd2/Therry-Racon,3bcedbd2,Therry-Raco,gp GLP,MF,Brighton-and-Hove-Albion
89,Wes Fogden,/en/players/06f48df1/Wes-Fogden,06f48df1,Wes-Fogd,eng ENG,MF,Brighton-and-Hove-Albion
90,Sam Gargan,/en/players/0be84c9d/Sam-Gargan,0be84c9d,Sam-Garg,eng ENG,FW,Brighton-and-Hove-Albion
91,Kevin McLeod,/en/players/50496eb0/Kevin-McLeod,50496eb0,Kevin-McLeod,eng ENG,MF,Brighton-and-Hove-Albion
92,Colin Hawkins,/en/players/298c2522/Colin-Hawkins,298c2522,Colin-Hawki,ie IRL,DF,Brighton-and-Hove-Albion
94,Lloyd Owusu,/en/players/71f677d1/Lloyd-Owusu,71f677d1,Lloyd-Owusu,gh GHA,FW,Brighton-and-Hove-Albion
95,David Livermore,/en/players/759c4f99/David-Livermore,759c4f99,David-Livermo,eng ENG,"DF,MF",Brighton-and-Hove-Albion
96,Jason Jarrett,/en/players/84067873/Jason-Jarrett,84067873,Jason-Jarrett,eng ENG,MF,Brighton-and-Hove-Albion
97,Gary Borrowdale,/en/players/e6076933/Gary-Borrowdale,6076933,Gary-Borrowd,eng ENG,DF,Brighton-and-Hove-Albion
98,Craig Davies,/en/players/8601380a/Craig-Davies,8601380a,Craig-Davi,wls WAL,FW,Brighton-and-Hove-Albion
99,Bradley Johnson,/en/players/e0d9bbbe/Bradley-Johnson,0d9bbbe,Bradley-Johnso,eng ENG,"DF,MF",Brighton-and-Hove-Albion
100,Joe Anyinsah,/en/players/6f4a2915/Joe-Anyinsah,6f4a2915,Joe-Anyinsah,eng ENG,FW,Brighton-and-Hove-Albion
101,Gary Dicker,/en/players/306a31a4/Gary-Dicker,306a31a4,Gary-Dick,ie IRL,MF,Brighton-and-Hove-Albion
102,Chris Birchall,/en/players/4820d2ac/Chris-Birchall,4820d2ac,Chris-Birch,tt TRI,MF,Brighton-and-Hove-Albion
103,Matt Heath,/en/players/6b4899eb/Matt-Heath,6b4899eb,Matt-Heath,eng ENG,DF,Brighton-and-Hove-Albion
104,Al Bangura,/en/players/525719c7/Al-Bangura,525719c7,Al-Bangu,sl SLE,MF,Brighton-and-Hove-Albion
105,Robbie Savage,/en/players/f60a24de/Robbie-Savage,f60a24de,Robbie-Savag,wls WAL,MF,Brighton-and-Hove-Albion
106,Stuart Fleetwood,/en/players/2e551572/Stuart-Fleetwood,2e551572,Stuart-Fleetwood,wls WAL,FW,Brighton-and-Hove-Albion
107,Mikkel Andersen,/en/players/63e905bc/Mikkel-Andersen,63e905bc,Mikkel-And,dk DEN,GK,Brighton-and-Hove-Albion
108,James McNulty,/en/players/de5e12e7/James-McNulty,de5e12e7,James-McNult,sct SCO,DF,Brighton-and-Hove-Albion
109,Kevin Thornton,/en/players/7ebfa9b0/Kevin-Thornton,7ebfa9b0,Kevin-Thornto,ie IRL,MF,Brighton-and-Hove-Albion
110,Calvin Andrew,/en/players/4b2711f5/Calvin-Andrew,4b2711f5,Calvin-Andrew,eng ENG,FW,Brighton-and-Hove-Albion
111,Steve Cook,/en/players/3e5e4e63/Steve-Cook,3e5e4e63,Steve-Cook,eng ENG,"DF,MF",Brighton-and-Hove-Albion
112,﻿Andrew Crofts,/en/players/5ba16a76/Andrew-Crofts,5ba16a76,Andrew-Croft,wls WAL,MF,Brighton-and-Hove-Albion
113,Elliott Bennett,/en/players/02c9ea40/Elliott-Bennett,02c9ea40,Elliott-Bennett,eng ENG,"DF,MF",Brighton-and-Hove-Albion
114,Alan Navarro,/en/players/466e398a/Alan-Navarro,466e398a,Alan-Navarro,eng ENG,MF,Brighton-and-Hove-Albion
115,Peter Brezovan,/en/players/12f014b1/Peter-Brezovan,12f014b1,Peter-Brezov,sk SVK,GK,Brighton-and-Hove-Albion
116,Iñigo Calderón,/en/players/17a1c047/Inigo-Calderon,17a1c047,Inigo-Caldero,es ESP,DF,Brighton-and-Hove-Albion
117,Marcos Painter,/en/players/738f8cb7/Marcos-Painter,738f8cb7,Marcos-Paint,ie IRL,"DF,MF",Brighton-and-Hove-Albion
118,Liam Dickinson,/en/players/496a1d0f/Liam-Dickinson,496a1d0f,Liam-Dickinso,eng ENG,FW,Brighton-and-Hove-Albion
119,James Tunnicliffe,/en/players/9596a2ea/James-Tunnicliffe,9596a2ea,James-Tunnicliff,eng ENG,DF,Brighton-and-Hove-Albion
120,Gavin Hoyte,/en/players/e5fa95f7/Gavin-Hoyte,5fa95f7,Gavin-Hoyt,tt TRI,DF,Brighton-and-Hove-Albion
121,Kazenga LuaLua,/en/players/d732d28a/Kazenga-LuaLua,d732d28a,Kazenga-LuaLu,cd COD,"FW,MF",Brighton-and-Hove-Albion
122,Arron Davies,/en/players/c8a73b55/Arron-Davies,c8a73b55,Arron-Davi,wls WAL,MF,Brighton-and-Hove-Albion
123,Lee Hendrie,/en/players/8716663c/Lee-Hendrie,8716663c,Lee-Hendri,eng ENG,MF,Brighton-and-Hove-Albion
124,Chris Holroyd,/en/players/667b7110/Chris-Holroyd,667b7110,Chris-Holroyd,eng ENG,FW,Brighton-and-Hove-Albion
125,Graeme Smith,/en/players/375e663a/Graeme-Smith,375e663a,Graeme-Smith,sct SCO,GK,Brighton-and-Hove-Albion
126,Ashley Barnes,/en/players/2691c772/Ashley-Barnes,2691c772,Ashley-B,eng ENG,FW,Brighton-and-Hove-Albion
127,Jake Wright,/en/players/a9fc1782/Jake-Wright,9fc1782,Jake-Wright,eng ENG,DF,Brighton-and-Hove-Albion
128,Matt Thornhill,/en/players/a648e610/Matt-Thornhill,648e610,Matt-Thornhi,eng ENG,MF,Brighton-and-Hove-Albion
129,Diego Arismendi,/en/players/65b54d2d/Diego-Arismendi,65b54d2d,Diego-Arismendi,uy URU,MF,Brighton-and-Hove-Albion
130,Lewis Dunk,/en/players/282f75f3/Lewis-Dunk,282f75f3,Lewis-Dunk,eng ENG,DF,Brighton-and-Hove-Albion
131,Mitch Walker,/en/players/996f0539/Mitch-Walker,996f0539,Mitch-Walk,eng ENG,GK,Brighton-and-Hove-Albion
132,Jamie Smith,/en/players/56386ff5/Jamie-Smith,56386ff5,Jamie-Smith,eng ENG,MF,Brighton-and-Hove-Albion
133,Jake Forster-Caskey,/en/players/e9ec272c/Jake-Forster-Caskey,9ec272c,Jake-Forster-Cask,eng ENG,MF,Brighton-and-Hove-Albion
134,Casper Ankergren,/en/players/328953a1/Casper-Ankergren,328953a1,Casper-Ankerg,dk DEN,GK,Brighton-and-Hove-Albion
135,Gordon Greer,/en/players/59cb1a73/Gordon-Greer,59cb1a73,Gordon-G,sct SCO,DF,Brighton-and-Hove-Albion
136,Liam Bridcutt,/en/players/d6066695/Liam-Bridcutt,d6066695,Liam-Bridcutt,sct SCO,"DF,MF",Brighton-and-Hove-Albion
137,Chris Wood,/en/players/4e9a0555/Chris-Wood,4e9a0555,Chris-Wood,nz NZL,FW,Brighton-and-Hove-Albion
138,Radostin Kishishev,/en/players/d06e83b4/Radostin-Kishishev,d06e83b4,Radostin-Kishishev,bg BUL,"DF,MF",Brighton-and-Hove-Albion
139,Matt Sparrow,/en/players/7b8ae0ae/Matt-Sparrow,7b8ae0ae,Matt-Sparrow,eng ENG,MF,Brighton-and-Hove-Albion
140,Craig Noone,/en/players/274e493e/Craig-Noone,274e493e,Craig-Noo,eng ENG,"FW,MF",Brighton-and-Hove-Albion
141,Francisco Sandaza,/en/players/d9ab42ff/Francisco-Sandaza,d9ab42ff,Francisco-Sandaz,es ESP,FW,Brighton-and-Hove-Albion
142,Agustín Battipiedi,/en/players/dd7367c9/Agustin-Battipiedi,dd7367c9,Agustin-Battipiedi,ar ARG,MF,Brighton-and-Hove-Albion
143,Mauricio Taricco,/en/players/efad718d/Mauricio-Taricco,fad718d,Mauricio-Taricco,ar ARG,DF,Brighton-and-Hove-Albion
144,Yaser Kasim,/en/players/ffc35ab3/Yaser-Kasim,ffc35ab3,Yaser-Kasim,iq IRQ,MF,Brighton-and-Hove-Albion
145,Craig Mackail-Smith,/en/players/f6454937/Craig-Mackail-Smith,f6454937,Craig-Mackail-Smith,sct SCO,FW,Brighton-and-Hove-Albion
146,Will Buckley,/en/players/b1929302/Will-Buckley,b1929302,Will-Buck,eng ENG,"FW,MF",Brighton-and-Hove-Albion
147,Joe Mattock,/en/players/6b192b31/Joe-Mattock,6b192b31,Joe-Mattock,eng ENG,"DF,MF",Brighton-and-Hove-Albion
148,Gonzalo Jara,/en/players/9b1b4782/Gonzalo-Jara,9b1b4782,Gonzalo-J,cl CHI,"DF,MF",Brighton-and-Hove-Albion
149,Ryan Harley,/en/players/67c72a0f/Ryan-Harley,67c72a0f,Ryan-H,eng ENG,MF,Brighton-and-Hove-Albion
150,Vicente Rodríguez,/en/players/73b8c719/Vicente-Rodriguez,73b8c719,Vicente-Rodriguez,es ESP,"FW,MF",Brighton-and-Hove-Albion
151,Romain Vincelot,/en/players/f5838e66/Romain-Vincelot,f5838e66,Romain-Vincelot,fr FRA,"DF,MF",Brighton-and-Hove-Albion
152,Sam Vokes,/en/players/1d6ac165/Sam-Vokes,1d6ac165,Sam-Vok,wls WAL,FW,Brighton-and-Hove-Albion
153,Billy Paynter,/en/players/1b02a234/Billy-Paynter,1b02a234,Billy-Paynt,eng ENG,FW,Brighton-and-Hove-Albion
154,Steve Harper,/en/players/a98f1d52/Steve-Harper,98f1d52,Steve-H,eng ENG,GK,Brighton-and-Hove-Albion
155,Abdul Razak,/en/players/5e61927c/Abdul-Razak,5e61927c,Abdul-Razak,ci CIV,MF,Brighton-and-Hove-Albion
156,Will Hoskins,/en/players/25ba1c55/Will-Hoskins,25ba1c55,Will-Hoski,eng ENG,FW,Brighton-and-Hove-Albion
157,Gai Assulin,/en/players/ba776102/Gai-Assulin,ba776102,Gai-Assuli,il ISR,MF,Brighton-and-Hove-Albion
158,Torbjørn Agdestein,/en/players/c880689a/Torbjorn-Agdestein,c880689a,Torbjorn-Agdestei,no NOR,FW,Brighton-and-Hove-Albion
159,Grant Hall,/en/players/1264ee68/Grant-Hall,1264ee68,Grant-H,eng ENG,DF,Brighton-and-Hove-Albion
160,﻿Tomasz Kuszczak,/en/players/a924380b/Tomasz-Kuszczak,924380b,Tomasz-Kuszczak,pl POL,GK,Brighton-and-Hove-Albion
161,Wayne Bridge,/en/players/86b982bc/Wayne-Bridge,86b982bc,Wayne-Bridg,eng ENG,DF,Brighton-and-Hove-Albion
162,Andrea Orlandi,/en/players/b1403ee6/Andrea-Orlandi,b1403ee6,Andrea-Orlandi,es ESP,"FW,MF",Brighton-and-Hove-Albion
163,Bruno,/en/players/78803d03/Bruno,78803d03,Bruno,es ESP,DF,Brighton-and-Hove-Albion
164,David López,/en/players/a698164e/David-Lopez,698164e,David-Lopez,es ESP,MF,Brighton-and-Hove-Albion
165,Matthew Upson,/en/players/1a6e6d03/Matthew-Upson,1a6e6d03,Matthew-Upso,eng ENG,DF,Brighton-and-Hove-Albion
166,Leonardo Ulloa,/en/players/eed56f6c/Leonardo-Ulloa,d56f6c,Leonardo-Ullo,ar ARG,FW,Brighton-and-Hove-Albion
167,Stephen Dobbie,/en/players/2d67e9c7/Stephen-Dobbie,2d67e9c7,Stephen-Dobbi,sct SCO,FW,Brighton-and-Hove-Albion
168,George Barker,/en/players/2972401e/George-Barker,2972401e,George-Bark,eng ENG,FW,Brighton-and-Hove-Albion
169,﻿Stephen Ward,/en/players/3831b9fe/Stephen-Ward,3831b9fe,Stephen-Ward,ie IRL,"DF,FW",Brighton-and-Hove-Albion
170,Keith Andrews,/en/players/5bca867f/Keith-Andrews,5bca867f,Keith-Andrew,ie IRL,MF,Brighton-and-Hove-Albion
171,Rohan Ince,/en/players/a74f8572/Rohan-Ince,74f8572,Rohan-Inc,ms MSR,"DF,MF",Brighton-and-Hove-Albion
172,Jesse Lingard,/en/players/810e3c74/Jesse-Lingard,810e3c74,Jesse-Lingard,eng ENG,"FW,MF",Brighton-and-Hove-Albion
173,Dale Stephens,/en/players/653ee42d/Dale-Stephens,653ee42d,Dale-Steph,eng ENG,MF,Brighton-and-Hove-Albion
174,Craig Conway,/en/players/2ce2d9ea/Craig-Conway,2ce2d9ea,Craig-Conw,sct SCO,"FW,MF",Brighton-and-Hove-Albion
175,Solly March,/en/players/bb5fbd2b/Solly-March,bb5fbd2b,Solly-March,eng ENG,"DF,FW",Brighton-and-Hove-Albion
176,David Rodríguez,/en/players/bae862bf/David-Rodriguez,bae862bf,David-Rodriguez,es ESP,FW,Brighton-and-Hove-Albion
177,Kemy Agustien,/en/players/027a5151/Kemy-Agustien,027a5151,Kemy-Agusti,cw CUW,"DF,MF",Brighton-and-Hove-Albion
178,Vitālijs Maksimenko,/en/players/5eb562ba/Vitalijs-Maksimenko,5eb562ba,Vitalijs-Maksimenko,lv LVA,"DF,MF",Brighton-and-Hove-Albion
179,Leroy Lita,/en/players/238f467d/Leroy-Lita,238f467d,Leroy-Lit,eng ENG,FW,Brighton-and-Hove-Albion
180,Adam Chicksen,/en/players/c87352d6/Adam-Chicksen,c87352d6,Adam-Chick,zw ZIM,DF,Brighton-and-Hove-Albion
181,﻿David Stockdale,/en/players/dc168826/David-Stockdale,dc168826,David-Stockd,eng ENG,GK,Brighton-and-Hove-Albion
182,Joe Bennett,/en/players/dc936144/Joe-Bennett,dc936144,Joe-Bennett,eng ENG,"DF,MF",Brighton-and-Hove-Albion
183,João Carlos Teixeira,/en/players/601299e9/Joao-Carlos-Teixeira,601299e9,Joao-Carlos-Teixei,pt POR,MF,Brighton-and-Hove-Albion
184,Danny Holla,/en/players/47b4477d/Danny-Holla,47b4477d,Danny-Ho,nl NED,MF,Brighton-and-Hove-Albion
185,Sam Baldock,/en/players/9d597f08/Sam-Baldock,9d597f08,Sam-Baldock,eng ENG,"FW,MF",Brighton-and-Hove-Albion
186,Beram Kayal,/en/players/26679cdf/Beram-Kayal,26679cdf,Beram-K,il ISR,MF,Brighton-and-Hove-Albion
187,Chris O'Grady,/en/players/da7c9e6f/Chris-OGrady,da7c9e6f,Chris-OGrad,eng ENG,FW,Brighton-and-Hove-Albion
188,Gary Gardner,/en/players/d9d58641/Gary-Gardner,d9d58641,Gary-Gard,eng ENG,MF,Brighton-and-Hove-Albion
189,Greg Halford,/en/players/06d45e81/Greg-Halford,06d45e81,Greg-Halford,eng ENG,"DF,FW",Brighton-and-Hove-Albion
190,Adrián Colunga,/en/players/2212dd4e/Adrian-Colunga,2212dd4e,Adrian-Colung,es ESP,"FW,MF",Brighton-and-Hove-Albion
191,Aaron Hughes,/en/players/dccccccc/Aaron-Hughes,dccccccc,Aaron-Hugh,nir NIR,DF,Brighton-and-Hove-Albion
192,Leon Best,/en/players/0780ab75/Leon-Best,0780ab75,Leon-Best,ie IRL,FW,Brighton-and-Hove-Albion
193,Darren Bent,/en/players/fe97f10b/Darren-Bent,fe97f10b,Darren-Bent,eng ENG,FW,Brighton-and-Hove-Albion
194,Mustapha Carayol,/en/players/597d0f13/Mustapha-Carayol,597d0f13,Mustapha-Carayo,gm GAM,MF,Brighton-and-Hove-Albion
195,Christian Walton,/en/players/c666574f/Christian-Walton,c666574f,Christian-Walto,eng ENG,GK,Brighton-and-Hove-Albion
196,Emmanuel Ledesma,/en/players/fb79af97/Emmanuel-Ledesma,fb79af97,Emmanuel-Ledesm,ar ARG,"FW,MF",Brighton-and-Hove-Albion
197,Shamir Fenelon,/en/players/ce4e7a21/Shamir-Fenelon,ce4e7a21,Shamir-Fenelo,ie IRL,"FW,MF",Brighton-and-Hove-Albion
198,Paddy McCourt,/en/players/6c530e7f/Paddy-McCourt,6c530e7f,Paddy-McCourt,nir NIR,MF,Brighton-and-Hove-Albion
199,James Tilley,/en/players/ffa09db2/James-Tilley,ffa09db2,James-Ti,eng ENG,"FW,MF",Brighton-and-Hove-Albion
200,Glen Rea,/en/players/5c3f2f39/Glen-Rea,5c3f2f39,Glen-R,ie IRL,"DF,MF",Brighton-and-Hove-Albion
201,Nzuzi Toko,/en/players/dcbff1f9/Nzuzi-Toko,dcbff1f9,Nzuzi-Toko,cd COD,"DF,MF",Brighton-and-Hove-Albion
202,Tomer Hemed,/en/players/27d7453c/Tomer-Hemed,27d7453c,Tomer-Hemed,il ISR,FW,Brighton-and-Hove-Albion
203,Jamie Murphy,/en/players/6c96b263/Jamie-Murphy,6c96b263,Jamie-Murph,sct SCO,"MF,FW",Brighton-and-Hove-Albion
204,Liam Rosenior,/en/players/8b0d6fe9/Liam-Rosenior,8b0d6fe9,Liam-Rosenio,eng ENG,"DF,MF",Brighton-and-Hove-Albion
205,Connor Goldson,/en/players/56f6f826/Connor-Goldson,56f6f826,Connor-Goldso,eng ENG,DF,Brighton-and-Hove-Albion
206,Anthony Knockaert,/en/players/6c679c6d/Anthony-Knockaert,6c679c6d,Anthony-Knockaert,fr FRA,MF,Brighton-and-Hove-Albion
207,Gaëtan Bong,/en/players/cfd5e123/Gaetan-Bong,cfd5e123,Gaetan-Bong,cm CMR,DF,Brighton-and-Hove-Albion
208,Uwe Hünemeier,/en/players/f42456eb/Uwe-Hunemeier,f42456eb,Uwe-Hunemei,de GER,DF,Brighton-and-Hove-Albion
209,James Wilson,/en/players/b0d786ee/James-Wilson,b0d786ee,James-Wilso,eng ENG,FW,Brighton-and-Hove-Albion
210,Jiří Skalák,/en/players/beaec218/Jiri-Skalak,beaec218,Jiri-Skalak,cz CZE,MF,Brighton-and-Hove-Albion
211,Liam Ridgewell,/en/players/7c9e057e/Liam-Ridgewell,7c9e057e,Liam-Ridgew,eng ENG,DF,Brighton-and-Hove-Albion
212,Rajiv van La Parra,/en/players/1931bde9/Rajiv-van-La-Parra,1931bde9,Rajiv-van-La-P,nl NED,"MF,FW",Brighton-and-Hove-Albion
213,Elvis Manu,/en/players/62d0dcc5/Elvis-Manu,62d0dcc5,Elvis-Manu,nl NED,"FW,MF",Brighton-and-Hove-Albion
214,Daniel Akindayini,/en/players/a42899df/Daniel-Akindayini,42899df,Daniel-Akindayini,eng ENG,FW,Brighton-and-Hove-Albion
215,Niki Mäenpää,/en/players/14a96e1c/Niki-Maenpaa,14a96e1c,Niki-M,fi FIN,GK,Brighton-and-Hove-Albion
216,Richie Towell,/en/players/7a73917e/Richie-Towell,7a73917e,Richie-Tow,ie IRL,MF,Brighton-and-Hove-Albion
217,Shane Duffy,/en/players/7314bba4/Shane-Duffy,7314bba4,Shane-Duff,ie IRL,DF,Brighton-and-Hove-Albion
218,Steve Sidwell,/en/players/ed083afd/Steve-Sidwell,d083afd,Steve-Sidw,eng ENG,MF,Brighton-and-Hove-Albion
219,Oliver Norwood,/en/players/43439614/Oliver-Norwood,43439614,Oliver-Norwood,nir NIR,MF,Brighton-and-Hove-Albion
220,Sébastien Pocognoli,/en/players/cc41eec1/Sebastien-Pocognoli,cc41eec1,Sebastien-Pocognoli,be BEL,DF,Brighton-and-Hove-Albion
221,Fikayo Tomori,/en/players/7edfbb8a/Fikayo-Tomori,7edfbb8a,Fikayo-Tomori,eng ENG,DF,Brighton-and-Hove-Albion
222,Chuba Akpom,/en/players/e2b384d2/Chuba-Akpom,2b384d2,Chuba-Akpom,eng ENG,FW,Brighton-and-Hove-Albion
223,Sam Adekugbe,/en/players/7f2309be/Sam-Adekugbe,7f2309be,Sam-Adekugb,ca CAN,DF,Brighton-and-Hove-Albion
224,Rob Hunt,/en/players/0d4e5b6f/Rob-Hunt,0d4e5b6f,Rob-Hunt,eng ENG,DF,Brighton-and-Hove-Albion
225,Vegard Forren,/en/players/d75eebda/Vegard-Forren,d75eebda,Vegard-Fo,no NOR,DF,Brighton-and-Hove-Albion
226,Ben White,/en/players/35e413f1/Ben-White,35e413f1,Ben-Whit,eng ENG,DF,Brighton-and-Hove-Albion
227,Mathew Ryan,/en/players/4535e4bb/Mathew-Ryan,4535e4bb,Mathew-R,au AUS,GK,Brighton-and-Hove-Albion
228,Davy Pröpper,/en/players/fdd85f94/Davy-Propper,fdd85f94,Davy-Pro,nl NED,MF,Brighton-and-Hove-Albion
229,Pascal Groß,/en/players/8aec0537/Pascal-Gross,8aec0537,Pascal-Gro,de GER,"FW,MF",Brighton-and-Hove-Albion
230,José Izquierdo,/en/players/ca2bc3df/Jose-Izquierdo,ca2bc3df,Jose-Izquierdo,co COL,"MF,FW",Brighton-and-Hove-Albion
231,Ezequiel Schelotto,/en/players/a6e316c1/Ezequiel-Schelotto,6e316c1,Ezequiel-Schelotto,it ITA,DF,Brighton-and-Hove-Albion
232,Markus Suttner,/en/players/7391c2d9/Markus-Suttner,7391c2d9,Markus-Sutt,at AUT,DF,Brighton-and-Hove-Albion
233,Izzy Brown,/en/players/bf54c8cc/Izzy-Brown,bf54c8cc,Izzy-Brow,eng ENG,"MF,FW",Brighton-and-Hove-Albion
234,Jürgen Locadia,/en/players/6cc47ae1/Jurgen-Locadia,6cc47ae1,Jurgen-Locadi,nl NED,"FW,MF",Brighton-and-Hove-Albion
235,Tim Krul,/en/players/f23f9d20/Tim-Krul,f23f9d20,Tim-Kru,nl NED,GK,Brighton-and-Hove-Albion
236,Jayson Molumby,/en/players/c908a1bc/Jayson-Molumby,c908a1bc,Jayson-Molumb,ie IRL,MF,Brighton-and-Hove-Albion
237,Martín Montoya,/en/players/5cec2487/Martin-Montoya,5cec2487,Martin-Monto,es ESP,DF,Brighton-and-Hove-Albion
238,Bernardo,/en/players/17370b95/Bernardo,17370b95,Bernardo,br BRA,DF,Brighton-and-Hove-Albion
239,Yves Bissouma,/en/players/6c203af0/Yves-Bissouma,6c203af0,Yves-Bissoum,ml MLI,MF,Brighton-and-Hove-Albion
240,Alireza Jahanbakhsh,/en/players/08452314/Alireza-Jahanbakhsh,08452314,Alireza-Jahanbakhsh,ir IRN,"MF,FW",Brighton-and-Hove-Albion
241,Florin Andone,/en/players/dc008610/Florin-Andone,dc008610,Florin-Ando,ro ROU,FW,Brighton-and-Hove-Albion
242,Leon Balogun,/en/players/78e68b4d/Leon-Balogun,78e68b4d,Leon-Balogu,ng NGA,DF,Brighton-and-Hove-Albion
243,David Button,/en/players/e608ed4c/David-Button,608ed4c,David-Butto,eng ENG,GK,Brighton-and-Hove-Albion
244,Viktor Gyökeres,/en/players/4d5a9185/Viktor-Gyokeres,4d5a9185,Viktor-Gyok,se SWE,"FW,MF",Brighton-and-Hove-Albion
245,Max Sanders,/en/players/4871d0e8/Max-Sanders,4871d0e8,Max-Sand,eng ENG,MF,Brighton-and-Hove-Albion
246,Jason Steele,/en/players/28300a16/Jason-Steele,28300a16,Jason-St,eng ENG,GK,Brighton-and-Hove-Albion
247,Dan Burn,/en/players/b2d31e83/Dan-Burn,b2d31e83,Dan-Bu,eng ENG,DF,Brighton-and-Hove-Albion
248,Adam Webster,/en/players/c40b6180/Adam-Webster,c40b6180,Adam-Webst,eng ENG,DF,Brighton-and-Hove-Albion
249,Neal Maupay,/en/players/4bcf39f6/Neal-Maupay,4bcf39f6,Neal-Mau,fr FRA,FW,Brighton-and-Hove-Albion
250,Aaron Mooy,/en/players/47b7e3af/Aaron-Mooy,47b7e3af,Aaron-Moo,au AUS,MF,Brighton-and-Hove-Albion
251,Leandro Trossard,/en/players/38ceb24a/Leandro-Trossard,38ceb24a,Leandro-Trossard,be BEL,"MF,FW",Brighton-and-Hove-Albion
252,Aaron Connolly,/en/players/27c01749/Aaron-Connolly,27c01749,Aaron-Conno,ie IRL,FW,Brighton-and-Hove-Albion
253,Steven Alzate,/en/players/ad1f61f3/Steven-Alzate,d1f61f3,Steven-Alzat,co COL,"MF,DF",Brighton-and-Hove-Albion
254,Tariq Lamptey,/en/players/f4e433d4/Tariq-Lamptey,f4e433d4,Tariq-Lampt,gh GHA,DF,Brighton-and-Hove-Albion
255,Alexis Mac Allister,/en/players/83d074ff/Alexis-Mac-Allister,83d074ff,Alexis-Mac-Allist,ar ARG,"MF,FW",Brighton-and-Hove-Albion
256,Tudor Băluță,/en/players/ed33f42d/Tudor-Baluta,d33f42d,Tudor-Balut,ro ROU,"DF,MF",Brighton-and-Hove-Albion
257,Alex Cochrane,/en/players/8a08585e/Alex-Cochrane,8a08585e,Alex-Coch,eng ENG,"DF,MF",Brighton-and-Hove-Albion
258,Robert Sánchez,/en/players/6a713852/Robert-Sanchez,6a713852,Robert-Sanchez,es ESP,GK,Brighton-and-Hove-Albion
259,Joël Veltman,/en/players/dad4b285/Joel-Veltman,dad4b285,Joel-Veltm,nl NED,DF,Brighton-and-Hove-Albion
260,Danny Welbeck,/en/players/ce5143da/Danny-Welbeck,ce5143da,Danny-Welbeck,eng ENG,FW,Brighton-and-Hove-Albion
261,Adam Lallana,/en/players/99813635/Adam-Lallana,99813635,Adam-L,eng ENG,"MF,FW",Brighton-and-Hove-Albion
262,Jakub Moder,/en/players/f230bc30/Jakub-Moder,f230bc30,Jakub-Mod,pl POL,"DF,MF",Brighton-and-Hove-Albion
263,Percy Tau,/en/players/4d0eb7d2/Percy-Tau,4d0eb7d2,Percy-Tau,za RSA,FW,Brighton-and-Hove-Albion
264,Andi Zeqiri,/en/players/d01231f0/Andi-Zeqiri,d01231f0,Andi-Zeqiri,ch SUI,"FW,DF",Brighton-and-Hove-Albion
265,Reda Khadra,/en/players/88acf83f/Reda-Khadra,88acf83f,Reda-Khad,de GER,MF,Brighton-and-Hove-Albion
266,Teddy Jenks,/en/players/a96ba40b/Teddy-Jenks,96ba40b,Teddy-Jenk,eng ENG,MF,Brighton-and-Hove-Albion
267,Michał Karbownik,/en/players/1b280c66/Michal-Karbownik,1b280c66,Michal-Karbownik,pl POL,DF,Brighton-and-Hove-Albion
268,Thomas Mcgill,/en/players/4eb2d015/Thomas-Mcgill,4eb2d015,Thomas-Mcgi,eng ENG,GK,Brighton-and-Hove-Albion
269,Jensen Weir,/en/players/2ae8e967/Jensen-Weir,2ae8e967,Jensen-Wei,sct SCO,MF,Brighton-and-Hove-Albion
270,Marc Cucurella,/en/players/1daec722/Marc-Cucurella,1daec722,Marc-Cucu,es ESP,DF,Brighton-and-Hove-Albion
271,Enock Mwepu,/en/players/1d5cab82/Enock-Mwepu,1d5cab82,Enock-Mwepu,zm ZAM,MF,Brighton-and-Hove-Albion
272,Moisés Caicedo,/en/players/16264a81/Moises-Caicedo,16264a81,Moises-Caicedo,ec ECU,MF,Brighton-and-Hove-Albion
273,Jeremy Sarmiento,/en/players/ac0d576d/Jeremy-Sarmiento,c0d576d,Jeremy-Sarmiento,ec ECU,"MF,FW",Brighton-and-Hove-Albion
274,Evan Ferguson,/en/players/4596da74/Evan-Ferguson,4596da74,Evan-Ferguso,ie IRL,MF,Brighton-and-Hove-Albion
275,Marc Leonard,/en/players/bd8afa3d/Marc-Leonard,bd8afa3d,Marc-Leonard,sct SCO,MF,Brighton-and-Hove-Albion
276,Odeluga Offiah,/en/players/65c3efa2/Odeluga-Offiah,65c3efa2,Odeluga-Offiah,eng ENG,DF,Brighton-and-Hove-Albion
277,Haydon Roberts,/en/players/a731e8a0/Haydon-Roberts,731e8a0,Haydon-Robert,eng ENG,DF,Brighton-and-Hove-Albion
278,Kjell Scherpen,/en/players/f0e4c69e/Kjell-Scherpen,f0e4c69e,Kjell-Sch,nl NED,GK,Brighton-and-Hove-Albion
279,Ed Turns,/en/players/9bbef03e/Ed-Turns,9bbef03e,Ed-Tu,wls WAL,DF,Brighton-and-Hove-Albion
