2002-2003,Brighton-and-Hove-Albion
Player,Nationality,Position,Game,Games Starts,Assists,Goals,Minutes,Minutes 90s,Yellow Card,Red Card,Link,Player_id,Player_name
﻿Paul Watson,eng ENG,DF,45,45,1,0,"3,952",43.9,7,0,/en/players/eb006b70/Paul-Watson,b006b70,Paul-Watso
Danny Cullip,eng ENG,DF,44,44,2,2,"3,913",43.5,8,0,/en/players/bc840c58/Danny-Cullip,bc840c58,Danny-Culli
Richard Carpenter,eng ENG,MF,44,42,3,3,"3,690",41.0,7,0,/en/players/651040d3/Richard-Carpenter,651040d3,Richard-Carpent
Kerry Mayo,eng ENG,DF,41,41,1,1,"3,665",40.7,3,0,/en/players/ec358d87/Kerry-Mayo,c358d87,Kerry-Mayo
Bobby Zamora,eng ENG,FW,35,35,4,14,"3,027",33.6,7,0,/en/players/7ddb3563/Bobby-Zamora,7ddb3563,Bobby-Zamo
Paul Brooker,eng ENG,MF,37,32,3,6,"2,778",30.9,0,1,/en/players/e46d3790/Paul-Brooker,46d3790,Paul-Brook
Gary Hart,eng ENG,FW,36,27,4,4,"2,434",27.0,7,1,/en/players/5b2f74e0/Gary-Hart,5b2f74e0,Gary-Hart
Simon Rodger,eng ENG,MF,29,27,0,2,"2,306",25.6,2,0,/en/players/673eb256/Simon-Rodger,673eb256,Simon-Rodg
Robbie Pethick,,DF,26,25,0,0,"2,238",24.9,3,1,/en/players/5b7e7c55/Robbie-Pethick,5b7e7c55,Robbie-Pethick
Michel Kuipers,nl NED,GK,21,21,0,0,"1,889",21.0,3,1,/en/players/e7baffee/Michel-Kuipers,7baffee,Michel-Kui
Graham Barrett,ie IRL,FW,30,20,3,1,"1,881",20.9,3,1,/en/players/581d9b8f/Graham-Barrett,581d9b8f,Graham-Barrett
Charlie Oatway,eng ENG,MF,29,18,0,1,"1,696",18.8,7,0,/en/players/4f3ca37d/Charlie-Oatway,4f3ca37d,Charlie-Oatw
Dean Blackwell,eng ENG,DF,21,18,0,2,"1,591",17.7,2,0,/en/players/9ed3d8ed/Dean-Blackwell,9ed3d8ed,Dean-Blackw
Nathan Jones,wls WAL,DF,28,16,1,1,"1,628",18.1,3,0,/en/players/6c212a97/Nathan-Jones,6c212a97,Nathan-Jo
Dave Beasant,eng ENG,GK,16,16,0,0,"1,440",16.0,0,0,/en/players/2e448746/Dave-Beasant,2e448746,Dave-Beasant
Paul Kitson,eng ENG,FW,10,7,1,2,599,6.7,2,0,/en/players/86707c0d/Paul-Kitson,86707c0d,Paul-Kitso
Dan Marney,eng ENG,FW,12,6,0,0,705,7.8,0,0,/en/players/88499e50/Dan-Marney,88499e50,Dan-M
Andy Petterson,au AUS,GK,7,6,0,0,541,6.0,0,0,/en/players/6684625c/Andy-Petterson,6684625c,Andy-Petterso
Guy Butters,eng ENG,DF,6,6,0,0,540,6.0,3,0,/en/players/884b3652/Guy-Butters,884b3652,Guy-Butt
Steve Melton,eng ENG,MF,8,6,1,1,377,4.2,0,0,/en/players/1dffb9b4/Steve-Melton,1dffb9b4,Steve-Melto
Shaun Wilkinson,eng ENG,MF,12,4,1,0,435,4.8,2,0,/en/players/0a53028e/Shaun-Wilkinson,0a53028e,Shaun-Wilkinso
Adam Hinshelwood,eng ENG,DF,7,4,0,0,321,3.6,0,0,/en/players/197847c4/Adam-Hinshelwood,197847c4,Adam-Hinshelwood
Ben Roberts,eng ENG,GK,3,3,0,0,270,3.0,0,0,/en/players/c6816db7/Ben-Roberts,c6816db7,Ben-Robert
Adam Virgo,eng ENG,DF,3,3,0,0,270,3.0,0,0,/en/players/9e5f56a7/Adam-Virgo,9e5f56a7,Adam-Virgo
Paul Rogers,eng ENG,MF,4,1,1,0,179,2.0,0,0,/en/players/3191f5c4/Paul-Rogers,3191f5c4,Paul-Rog
John Piercy,eng ENG,MF,4,1,0,0,109,1.2,0,0,/en/players/5a9436c4/John-Piercy,5a9436c4,John-Pierc
Dean Hammond,eng ENG,MF,4,1,0,0,101,1.1,0,0,/en/players/577c12e5/Dean-Hammond,577c12e5,Dean-Hammond
Daniel Webb,eng ENG,DF,3,0,0,0,30,0.3,0,0,/en/players/009eb586/Daniel-Webb,009eb586,Daniel-Webb
Chris McPhee,eng ENG,"FW,MF",2,0,0,0,28,0.3,1,0,/en/players/d7a8ec08/Chris-McPhee,d7a8ec08,Chris-McPh
Dan Harding,eng ENG,DF,1,0,0,0,11,0.1,0,0,/en/players/f0ccb090/Dan-Harding,f0ccb090,Dan-Harding
﻿2003-2004,Brighton-and-Hove-Albion
Player,Nationality,Position,Game,Games Starts,Assists,Goals,Minutes,Minutes 90s,Yellow Card,Red Card,Link,Player_id,Player_name
﻿Guy Butters,eng ENG,DF,43,43,4,3,"3,870",43.0,2,0,/en/players/884b3652/Guy-Butters,884b3652,Guy-Butt
Leon Knight,eng ENG,FW,44,43,3,25,"3,790",42.1,8,1,/en/players/0c4a65b2/Leon-Knight,0c4a65b2,Leon-Knight
Richard Carpenter,eng ENG,MF,42,40,3,4,"3,612",40.1,8,0,/en/players/651040d3/Richard-Carpenter,651040d3,Richard-Carpent
Danny Cullip,eng ENG,DF,40,40,0,1,"3,437",38.2,7,0,/en/players/bc840c58/Danny-Cullip,bc840c58,Danny-Culli
Gary Hart,eng ENG,FW,42,35,4,3,"3,119",34.7,9,0,/en/players/5b2f74e0/Gary-Hart,5b2f74e0,Gary-Hart
Nathan Jones,wls WAL,DF,36,34,0,0,"2,922",32.5,3,1,/en/players/6c212a97/Nathan-Jones,6c212a97,Nathan-Jo
Ben Roberts,eng ENG,GK,32,32,0,0,"2,790",31.0,3,0,/en/players/c6816db7/Ben-Roberts,c6816db7,Ben-Robert
Kerry Mayo,eng ENG,DF,33,31,1,0,"2,825",31.4,5,0,/en/players/ec358d87/Kerry-Mayo,c358d87,Kerry-Mayo
Charlie Oatway,eng ENG,MF,31,29,1,1,"2,537",28.2,4,0,/en/players/4f3ca37d/Charlie-Oatway,4f3ca37d,Charlie-Oatw
Chris McPhee,eng ENG,"FW,MF",29,27,2,4,"1,563",17.4,1,0,/en/players/d7a8ec08/Chris-McPhee,d7a8ec08,Chris-McPh
Adam Virgo,eng ENG,DF,22,20,1,1,"1,775",19.7,5,0,/en/players/9e5f56a7/Adam-Virgo,9e5f56a7,Adam-Virgo
John Piercy,eng ENG,MF,23,18,0,4,845,9.4,5,1,/en/players/5a9436c4/John-Piercy,5a9436c4,John-Pierc
Dan Harding,eng ENG,DF,23,17,1,0,"1,600",17.8,3,0,/en/players/f0ccb090/Dan-Harding,f0ccb090,Dan-Harding
Adam Hinshelwood,eng ENG,DF,17,16,0,0,"1,442",16.0,2,0,/en/players/197847c4/Adam-Hinshelwood,197847c4,Adam-Hinshelwood
Paul Watson,eng ENG,DF,15,14,1,0,"1,167",13.0,3,0,/en/players/eb006b70/Paul-Watson,b006b70,Paul-Watso
Trevor Benjamin,jm JAM,FW,10,10,0,5,849,9.4,0,0,/en/players/c5328061/Trevor-Benjamin,c5328061,Trevor-Benjami
Chris Iwelumo,sct SCO,FW,10,10,1,4,849,9.4,0,0,/en/players/628dd7b5/Chris-Iwelumo,628dd7b5,Chris-Iwelumo
Darius Henderson,eng ENG,FW,10,10,2,2,842,9.4,3,0,/en/players/ea503cef/Darius-Henderson,503cef,Darius-Henderso
Michel Kuipers,nl NED,GK,10,9,0,0,855,9.5,0,0,/en/players/e7baffee/Michel-Kuipers,7baffee,Michel-Kui
Zesh Rehman,pk PAK,DF,11,9,0,2,777,8.6,3,0,/en/players/25f78221/Zesh-Rehman,25f78221,Zesh-Rehm
Mark Yeates,ie IRL,"DF,FW",9,9,0,0,766,8.5,3,0,/en/players/b3922703/Mark-Yeates,b3922703,Mark-Yeat
Simon Rodger,eng ENG,MF,7,7,2,0,581,6.5,1,0,/en/players/673eb256/Simon-Rodger,673eb256,Simon-Rodg
Robbie Pethick,,DF,14,6,0,0,680,7.6,0,0,/en/players/5b7e7c55/Robbie-Pethick,5b7e7c55,Robbie-Pethick
Adam El-Abd,eg EGY,DF,11,6,1,0,668,7.4,2,0,/en/players/4eb90566/Adam-El-Abd,4eb90566,Adam-El-Abd
Paul Reid,au AUS,"DF,MF",5,4,0,0,366,4.1,1,0,/en/players/a8a97536/Paul-Reid,8a97536,Paul-Reid
Ross Flitney,eng ENG,GK,3,3,0,0,270,3.0,0,0,/en/players/15817cc2/Ross-Flitney,15817cc2,Ross-Flit
Stuart Jones,eng ENG,GK,3,2,0,0,225,2.5,0,0,/en/players/74d35e7b/Stuart-Jones,74d35e7b,Stuart-Jo
Jake Robinson,eng ENG,"FW,MF",9,1,0,0,222,2.5,0,0,/en/players/3c5c777f/Jake-Robinson,3c5c777f,Jake-Robinso
David Lee,eng ENG,MF,4,1,0,0,158,1.8,0,0,/en/players/aa5c0262/David-Lee,5c0262,David-L
Dan Marney,eng ENG,FW,3,0,0,0,68,0.8,0,0,/en/players/88499e50/Dan-Marney,88499e50,Dan-M
Shaun Wilkinson,eng ENG,MF,2,0,0,0,38,0.4,0,0,/en/players/0a53028e/Shaun-Wilkinson,0a53028e,Shaun-Wilkinso
﻿2004-2005,Brighton-and-Hove-Albion
Player,Nationality,Position,Game,Games Starts,Assists,Goals,Minutes,Minutes 90s,Yellow Card,Red Card,Link,Player_id,Player_name
﻿Guy Butters,eng ENG,DF,41,41,1,2,"3,665",40.7,3,0,/en/players/884b3652/Guy-Butters,884b3652,Guy-Butt
Dan Harding,eng ENG,DF,43,39,1,1,"3,446",38.3,4,1,/en/players/f0ccb090/Dan-Harding,f0ccb090,Dan-Harding
Adam Hinshelwood,eng ENG,DF,38,37,1,1,"3,296",36.6,2,0,/en/players/197847c4/Adam-Hinshelwood,197847c4,Adam-Hinshelwood
Adam Virgo,eng ENG,DF,36,36,0,8,"3,131",34.8,8,2,/en/players/9e5f56a7/Adam-Virgo,9e5f56a7,Adam-Virgo
Leon Knight,eng ENG,FW,39,33,3,4,"3,049",33.9,9,0,/en/players/0c4a65b2/Leon-Knight,0c4a65b2,Leon-Knight
Danny Cullip,eng ENG,DF,33,33,2,1,"2,939",32.7,8,0,/en/players/bc840c58/Danny-Cullip,bc840c58,Danny-Culli
Paul Reid,au AUS,"DF,MF",34,33,1,2,"2,802",31.1,2,0,/en/players/a8a97536/Paul-Reid,8a97536,Paul-Reid
Charlie Oatway,eng ENG,MF,34,31,2,1,"2,723",30.3,5,1,/en/players/4f3ca37d/Charlie-Oatway,4f3ca37d,Charlie-Oatw
Michel Kuipers,nl NED,GK,30,30,0,0,"2,695",29.9,3,0,/en/players/e7baffee/Michel-Kuipers,7baffee,Michel-Kui
Alexis Nicolas,cy CYP,MF,33,29,0,0,"2,356",26.2,2,0,/en/players/a18d30fa/Alexis-Nicolas,18d30fa,Alexis-Nico
Richard Carpenter,eng ENG,MF,32,28,3,3,"2,612",29.0,1,1,/en/players/651040d3/Richard-Carpenter,651040d3,Richard-Carpent
Kerry Mayo,eng ENG,DF,27,21,1,1,"1,919",21.3,2,0,/en/players/ec358d87/Kerry-Mayo,c358d87,Kerry-Mayo
Mark McCammon,bb BRB,FW,26,21,0,3,"1,535",17.1,3,0,/en/players/0528d679/Mark-McCammon,0528d679,Mark-McCammo
Dean Hammond,eng ENG,MF,30,20,1,4,"1,809",20.1,2,0,/en/players/577c12e5/Dean-Hammond,577c12e5,Dean-Hammond
Gary Hart,eng ENG,FW,26,16,1,2,"1,544",17.2,1,1,/en/players/5b2f74e0/Gary-Hart,5b2f74e0,Gary-Hart
Adam El-Abd,eg EGY,DF,16,14,0,0,"1,096",12.2,3,0,/en/players/4eb90566/Adam-El-Abd,4eb90566,Adam-El-Abd
Alan Blayney,nir NIR,GK,7,7,0,0,630,7.0,0,0,/en/players/16c7a4a9/Alan-Blayney,16c7a4a9,Alan-B
Chris McPhee,eng ENG,"FW,MF",16,6,1,0,660,7.3,0,0,/en/players/d7a8ec08/Chris-McPhee,d7a8ec08,Chris-McPh
Rami Shaaban,se SWE,GK,6,6,0,0,540,6.0,0,0,/en/players/d0fedd59/Rami-Shaaban,d0fedd59,Rami-Shaab
Steve Claridge,eng ENG,FW,5,5,0,0,450,5.0,0,0,/en/players/77fcd60c/Steve-Claridge,77fcd60c,Steve-Claridg
Maheta Molango,cg CGO,FW,5,4,0,1,311,3.5,1,0,/en/players/d08cb523/Maheta-Molango,d08cb523,Maheta-Molango
Nathan Jones,wls WAL,DF,19,3,1,0,548,6.1,1,0,/en/players/6c212a97/Nathan-Jones,6c212a97,Nathan-Jo
Albert Jarrett,sl SLE,MF,12,3,0,1,377,4.2,1,0,/en/players/b2cc7cc0/Albert-Jarrett,b2cc7cc0,Albert-Jarrett
David Yelldell,us USA,GK,3,3,0,0,270,3.0,0,0,/en/players/915e8ac2/David-Yelldell,915e8ac2,David-Yelld
Joe Dolan,nir NIR,DF,3,3,0,0,215,2.4,1,0,/en/players/0b5be546/Joe-Dolan,0b5be546,Joe-Do
Jake Robinson,eng ENG,"FW,MF",10,1,0,1,309,3.4,0,0,/en/players/3c5c777f/Jake-Robinson,3c5c777f,Jake-Robinso
Paul Watson,eng ENG,DF,4,1,2,0,134,1.5,0,0,/en/players/eb006b70/Paul-Watson,b006b70,Paul-Watso
John Piercy,eng ENG,MF,2,1,0,0,94,1.0,0,0,/en/players/5a9436c4/John-Piercy,5a9436c4,John-Pierc
﻿2005-2006,Brighton-and-Hove-Albion
Player,Nationality,Position,Game,Games Starts,Assists,Goals,Minutes,Minutes 90s,Yellow Card,Red Card,Link,Player_id,Player_name
﻿Guy Butters,eng ENG,DF,45,43,0,2,"3,863",42.9,2,0,/en/players/884b3652/Guy-Butters,884b3652,Guy-Butt
Dean Hammond,eng ENG,MF,41,40,0,4,"3,631",40.3,9,2,/en/players/577c12e5/Dean-Hammond,577c12e5,Dean-Hammond
Paul McShane,ie IRL,DF,38,38,1,4,"3,347",37.2,11,0,/en/players/5785993d/Paul-McShane,5785993d,Paul-McSh
Paul Reid,au AUS,"DF,MF",38,36,2,2,"3,160",35.1,5,0,/en/players/a8a97536/Paul-Reid,8a97536,Paul-Reid
Sébastien Carole,fr FRA,MF,40,34,4,2,"2,983",33.1,2,0,/en/players/abea3689/Sebastien-Carole,bea3689,Sebastien-Caro
Wayne Henderson,ie IRL,GK,32,32,0,0,"2,880",32.0,2,0,/en/players/d0218dee/Wayne-Henderson,d0218dee,Wayne-Henderso
Gary Hart,eng ENG,FW,35,31,0,1,"2,791",31.0,8,1,/en/players/5b2f74e0/Gary-Hart,5b2f74e0,Gary-Hart
Richard Carpenter,eng ENG,MF,32,31,2,1,"2,766",30.7,5,0,/en/players/651040d3/Richard-Carpenter,651040d3,Richard-Carpent
Alexandre Frutos,fr FRA,"FW,MF",36,27,4,3,"2,361",26.2,2,0,/en/players/a0055a0e/Alexandre-Frutos,0055a0e,Alexandre-Fruto
Colin Kazim-Richards,tr TUR,"FW,MF",42,25,2,6,"2,571",28.6,8,0,/en/players/ca9e7345/Colin-Kazim-Richards,ca9e7345,Colin-Kazim-Richard
Adam El-Abd,eg EGY,DF,29,23,0,0,"2,163",24.0,7,0,/en/players/4eb90566/Adam-El-Abd,4eb90566,Adam-El-Abd
Leon Knight,eng ENG,FW,25,22,1,5,"1,978",22.0,4,0,/en/players/0c4a65b2/Leon-Knight,0c4a65b2,Leon-Knight
Charlie Oatway,eng ENG,MF,18,17,0,1,"1,348",15.0,1,0,/en/players/4f3ca37d/Charlie-Oatway,4f3ca37d,Charlie-Oatw
Joel Lynch,wls WAL,DF,16,16,0,1,"1,349",15.0,2,0,/en/players/a424ca21/Joel-Lynch,424ca21,Joel-Lynch
Jake Robinson,eng ENG,"FW,MF",27,15,1,1,"1,192",13.2,2,0,/en/players/3c5c777f/Jake-Robinson,3c5c777f,Jake-Robinso
Kerry Mayo,eng ENG,DF,18,14,0,1,"1,260",14.0,1,0,/en/players/ec358d87/Kerry-Mayo,c358d87,Kerry-Mayo
Adam Hinshelwood,eng ENG,DF,11,10,1,0,878,9.8,2,1,/en/players/197847c4/Adam-Hinshelwood,197847c4,Adam-Hinshelwood
Albert Jarrett,sl SLE,MF,11,9,2,0,657,7.3,2,0,/en/players/b2cc7cc0/Albert-Jarrett,b2cc7cc0,Albert-Jarrett
Alan Blayney,nir NIR,GK,8,8,0,0,720,8.0,0,0,/en/players/16c7a4a9/Alan-Blayney,16c7a4a9,Alan-B
Jason Dodd,eng ENG,DF,7,6,1,0,465,5.2,0,0,/en/players/df15c7a1/Jason-Dodd,df15c7a1,Jason-Dodd
Joe Gatting,eng ENG,FW,12,5,1,0,519,5.8,0,0,/en/players/0e0fddd1/Joe-Gatting,0e0fddd1,Joe-Gatting
Michel Kuipers,nl NED,GK,5,5,0,0,450,5.0,0,0,/en/players/e7baffee/Michel-Kuipers,7baffee,Michel-Kui
Alexis Nicolas,cy CYP,MF,11,4,0,0,583,6.5,2,0,/en/players/a18d30fa/Alexis-Nicolas,18d30fa,Alexis-Nico
Mark McCammon,bb BRB,FW,7,3,0,0,340,3.8,1,0,/en/players/0528d679/Mark-McCammon,0528d679,Mark-McCammo
Chris McPhee,eng ENG,"FW,MF",7,2,0,0,250,2.8,0,0,/en/players/d7a8ec08/Chris-McPhee,d7a8ec08,Chris-McPh
Federico Turienzo,ar ARG,FW,4,1,0,0,117,1.3,0,0,/en/players/c2b84a55/Federico-Turienzo,c2b84a55,Federico-Turienzo
Florent Chaigneau,fr FRA,GK,1,1,0,0,90,1.0,0,0,/en/players/e3a4b82d/Florent-Chaigneau,3a4b82d,Florent-Chaigneau
Gary Elphick,eng ENG,DF,2,1,0,0,49,0.5,1,1,/en/players/f6bc9a20/Gary-Elphick,f6bc9a20,Gary-Elphick
Doug Loft,eng ENG,"DF,MF",3,0,0,1,60,0.7,0,0,/en/players/da5ee57b/Doug-Loft,da5ee57b,Doug-Loft
﻿2006-2007,Brighton-and-Hove-Albion
Player,Nationality,Position,Game,Games Starts,Assists,Goals,Minutes,Minutes 90s,Yellow Card,Red Card,Link,Player_id,Player_name
﻿Dean Cox,eng ENG,MF,42,40,4,6,"3,569",39.7,9,1,/en/players/f419ee74/Dean-Cox,f419ee74,Dean-Cox
Adam El-Abd,eg EGY,DF,42,39,0,1,"3,451",38.3,9,1,/en/players/4eb90566/Adam-El-Abd,4eb90566,Adam-El-Abd
Jake Robinson,eng ENG,"FW,MF",38,38,2,6,"2,769",30.8,2,0,/en/players/3c5c777f/Jake-Robinson,3c5c777f,Jake-Robinso
Dean Hammond,eng ENG,MF,37,37,1,8,"3,278",36.4,7,0,/en/players/577c12e5/Dean-Hammond,577c12e5,Dean-Hammond
Alex Revell,eng ENG,FW,38,34,7,7,"3,055",33.9,3,0,/en/players/b64dae45/Alex-Revell,b64dae45,Alex-Rev
Joel Lynch,wls WAL,DF,39,34,1,0,"3,023",33.6,2,0,/en/players/a424ca21/Joel-Lynch,424ca21,Joel-Lynch
Guy Butters,eng ENG,DF,31,31,0,0,"2,752",30.6,3,0,/en/players/884b3652/Guy-Butters,884b3652,Guy-Butt
Kerry Mayo,eng ENG,DF,30,28,2,0,"2,435",27.1,6,2,/en/players/ec358d87/Kerry-Mayo,c358d87,Kerry-Mayo
Wayne Henderson,ie IRL,GK,20,20,0,0,"1,800",20.0,1,0,/en/players/d0218dee/Wayne-Henderson,d0218dee,Wayne-Henderso
Joe Gatting,eng ENG,FW,23,20,0,4,885,9.8,1,0,/en/players/0e0fddd1/Joe-Gatting,0e0fddd1,Joe-Gatting
Sam Rents,eng ENG,DF,25,19,0,0,"1,735",19.3,2,0,/en/players/bad6b8d6/Sam-Rents,bad6b8d6,Sam-Rent
Gary Hart,eng ENG,FW,25,18,0,2,"1,607",17.9,4,0,/en/players/5b2f74e0/Gary-Hart,5b2f74e0,Gary-Hart
Tommy Fraser,eng ENG,MF,27,18,2,1,"1,548",17.2,3,1,/en/players/18f09529/Tommy-Fraser,18f09529,Tommy-F
Alexis Bertin,fr FRA,MF,16,15,0,0,"1,347",15.0,4,0,/en/players/147225c1/Alexis-Bertin,147225c1,Alexis-Berti
Michel Kuipers,nl NED,GK,14,14,0,0,"1,260",14.0,1,0,/en/players/e7baffee/Michel-Kuipers,7baffee,Michel-Kui
Bas Savage,eng ENG,FW,15,14,2,6,"1,164",12.9,1,0,/en/players/f51845bb/Bas-Savage,f51845bb,Bas-Savag
Richard Carpenter,eng ENG,MF,15,13,0,0,"1,109",12.3,2,1,/en/players/651040d3/Richard-Carpenter,651040d3,Richard-Carpent
Scott Flinders,eng ENG,GK,12,12,0,0,"1,080",12.0,0,0,/en/players/db1aa85c/Scott-Flinders,db1aa85c,Scott-Flind
Andrew Whing,eng ENG,"DF,MF",12,12,1,0,"1,080",12.0,3,0,/en/players/6e07cede/Andrew-Whing,6e07cede,Andrew-Whing
Nathan Elder,eng ENG,FW,13,11,1,1,268,3.0,1,0,/en/players/685f3be9/Nathan-Elder,685f3be9,Nathan-Eld
Adam Hinshelwood,eng ENG,DF,11,10,0,0,893,9.9,0,0,/en/players/197847c4/Adam-Hinshelwood,197847c4,Adam-Hinshelwood
Paul Reid,au AUS,"DF,MF",10,10,0,1,806,9.0,0,0,/en/players/a8a97536/Paul-Reid,8a97536,Paul-Reid
Zesh Rehman,pk PAK,DF,8,8,0,0,720,8.0,2,0,/en/players/25f78221/Zesh-Rehman,25f78221,Zesh-Rehm
Georges Santos,cv CPV,"DF,MF",11,7,1,0,595,6.6,2,0,/en/players/6d3ec95c/Georges-Santos,6d3ec95c,Georges-Santo
Joe O'Cearuill,ie IRL,DF,8,6,0,0,578,6.4,3,0,/en/players/467e4738/Joe-OCearuill,467e4738,Joe-OCearui
Nick Ward,au AUS,MF,8,6,1,1,477,5.3,1,0,/en/players/6da7b50a/Nick-Ward,6da7b50a,Nick-Ward
Alexandre Frutos,fr FRA,"FW,MF",10,5,0,0,456,5.1,0,1,/en/players/a0055a0e/Alexandre-Frutos,0055a0e,Alexandre-Fruto
Doug Loft,eng ENG,"DF,MF",11,5,0,1,440,4.9,1,0,/en/players/da5ee57b/Doug-Loft,da5ee57b,Doug-Loft
Tony Stokes,eng ENG,MF,6,5,1,0,404,4.5,0,0,/en/players/30bbf7f9/Tony-Stokes,30bbf7f9,Tony-Stok
Sam Williams,eng ENG,FW,3,3,0,1,212,2.4,0,0,/en/players/bffe01ce/Sam-Williams,bffe01ce,Sam-William
Tommy Elphick,eng ENG,DF,3,2,0,0,200,2.2,0,0,/en/players/14caf5c9/Tommy-Elphick,14caf5c9,Tommy-Elphick
Alistair John,eng ENG,MF,4,1,0,0,134,1.5,1,0,/en/players/14a3ec09/Alistair-John,14a3ec09,Alistair-Joh
Dean Bowditch,eng ENG,"FW,MF",3,1,0,1,113,1.3,0,0,/en/players/5b20043e/Dean-Bowditch,5b20043e,Dean-Bowditch
Maheta Molango,cg CGO,FW,1,0,0,0,45,0.5,0,0,/en/players/d08cb523/Maheta-Molango,d08cb523,Maheta-Molango
Colin Kazim-Richards,tr TUR,"FW,MF",1,0,0,0,33,0.4,0,0,/en/players/ca9e7345/Colin-Kazim-Richards,ca9e7345,Colin-Kazim-Richard
﻿2007-2008,Brighton-and-Hove-Albion
Player,Nationality,Position,Game,Games Starts,Assists,Goals,Minutes,Minutes 90s,Yellow Card,Red Card,Link,Player_id,Player_name
﻿Michel Kuipers,nl NED,GK,46,46,0,0,"4,140",46.0,4,0,/en/players/e7baffee/Michel-Kuipers,7baffee,Michel-Kui
Andrew Whing,eng ENG,"DF,MF",42,42,0,0,"3,735",41.5,11,1,/en/players/6e07cede/Andrew-Whing,6e07cede,Andrew-Whing
Dean Cox,eng ENG,MF,42,40,7,6,"3,517",39.1,6,0,/en/players/f419ee74/Dean-Cox,f419ee74,Dean-Cox
Tommy Elphick,eng ENG,DF,39,39,0,2,"3,510",39.0,4,0,/en/players/14caf5c9/Tommy-Elphick,14caf5c9,Tommy-Elphick
Nicky Forster,eng ENG,FW,41,39,7,15,"3,443",38.3,0,0,/en/players/8947bae8/Nicky-Forster,8947bae8,Nicky-Forst
Adam El-Abd,eg EGY,DF,35,31,1,1,"2,879",32.0,5,0,/en/players/4eb90566/Adam-El-Abd,4eb90566,Adam-El-Abd
Matt Richards,eng ENG,MF,28,28,2,0,"2,452",27.2,0,0,/en/players/427bceb7/Matt-Richards,427bceb7,Matt-Richard
Jake Robinson,eng ENG,"FW,MF",34,26,1,4,"1,696",18.8,0,0,/en/players/3c5c777f/Jake-Robinson,3c5c777f,Jake-Robinso
Dean Hammond,eng ENG,MF,24,24,0,5,"2,070",23.0,3,1,/en/players/577c12e5/Dean-Hammond,577c12e5,Dean-Hammond
Glenn Murray,eng ENG,FW,21,20,4,9,"1,803",20.0,0,0,/en/players/f2f29dda/Glenn-Murray,f2f29dda,Glenn-Mu
Steven Thomson,sct SCO,MF,20,20,0,0,"1,772",19.7,2,0,/en/players/4232d16d/Steven-Thomson,4232d16d,Steven-Thomso
Guy Butters,eng ENG,DF,21,19,0,1,"1,528",17.0,0,0,/en/players/884b3652/Guy-Butters,884b3652,Guy-Butt
Joel Lynch,wls WAL,DF,22,18,0,1,"1,678",18.6,3,0,/en/players/a424ca21/Joel-Lynch,424ca21,Joel-Lynch
David Martot,fr FRA,MF,26,17,1,1,"1,508",16.8,1,0,/en/players/9e3e8bf1/David-Martot,9e3e8bf1,David-Martot
Bas Savage,eng ENG,FW,21,17,6,3,"1,485",16.5,3,0,/en/players/f51845bb/Bas-Savage,f51845bb,Bas-Savag
Tommy Fraser,eng ENG,MF,24,15,1,0,"1,209",13.4,3,0,/en/players/18f09529/Tommy-Fraser,18f09529,Tommy-F
Alex Revell,eng ENG,FW,21,14,0,6,"1,292",14.4,1,0,/en/players/b64dae45/Alex-Revell,b64dae45,Alex-Rev
George O'Callaghan,ie IRL,MF,14,13,1,0,"1,156",12.8,3,1,/en/players/dbd827f7/George-OCallaghan,dbd827f7,George-OCallagh
Ian Westlake,eng ENG,MF,11,11,0,2,899,10.0,3,0,/en/players/ce534927/Ian-Westlake,ce534927,Ian-Westlak
Doug Loft,eng ENG,"DF,MF",13,11,0,0,316,3.5,0,0,/en/players/da5ee57b/Doug-Loft,da5ee57b,Doug-Loft
Kerry Mayo,eng ENG,DF,15,10,0,0,975,10.8,1,0,/en/players/ec358d87/Kerry-Mayo,c358d87,Kerry-Mayo
Therry Racon,gp GLP,MF,8,8,0,0,709,7.9,1,0,/en/players/3bcedbd2/Therry-Racon,3bcedbd2,Therry-Raco
Dean Bowditch,eng ENG,"FW,MF",5,5,0,0,368,4.1,0,0,/en/players/5b20043e/Dean-Bowditch,5b20043e,Dean-Bowditch
Sam Rents,eng ENG,DF,5,4,1,0,382,4.2,1,0,/en/players/bad6b8d6/Sam-Rents,bad6b8d6,Sam-Rent
Paul Reid,au AUS,"DF,MF",7,3,0,0,292,3.2,0,0,/en/players/a8a97536/Paul-Reid,8a97536,Paul-Reid
Gary Hart,eng ENG,FW,7,2,0,0,242,2.7,1,1,/en/players/5b2f74e0/Gary-Hart,5b2f74e0,Gary-Hart
Jonny Dixon,,FW,4,2,0,0,137,1.5,0,0,/en/players/4fef037b/Jonny-Dixon,4fef037b,Jonny-Dixo
Nathan Elder,eng ENG,FW,9,1,1,1,131,1.5,1,0,/en/players/685f3be9/Nathan-Elder,685f3be9,Nathan-Eld
Wes Fogden,eng ENG,MF,3,1,0,0,68,0.8,1,0,/en/players/06f48df1/Wes-Fogden,06f48df1,Wes-Fogd
Joe Gatting,eng ENG,FW,9,0,0,0,34,0.4,0,0,/en/players/0e0fddd1/Joe-Gatting,0e0fddd1,Joe-Gatting
Sam Gargan,eng ENG,FW,1,0,0,0,5,0.1,0,0,/en/players/0be84c9d/Sam-Gargan,0be84c9d,Sam-Garg
Adam Hinshelwood,eng ENG,DF,1,0,0,0,2,0.0,0,0,/en/players/197847c4/Adam-Hinshelwood,197847c4,Adam-Hinshelwood
Scott Chamberlain,,,1,0,0,0,1,0.0,0,0,No detected,,
﻿2008-2009,Brighton-and-Hove-Albion
Player,Nationality,Position,Game,Games Starts,Assists,Goals,Minutes,Minutes 90s,Yellow Card,Red Card,Link,Player_id,Player_name
﻿Andrew Whing,eng ENG,"DF,MF",40,40,1,0,"3,484",38.7,7,1,/en/players/6e07cede/Andrew-Whing,6e07cede,Andrew-Whing
Tommy Elphick,eng ENG,DF,39,38,1,1,"3,342",37.1,8,0,/en/players/14caf5c9/Tommy-Elphick,14caf5c9,Tommy-Elphick
Adam Virgo,eng ENG,DF,36,36,1,3,"3,095",34.4,8,2,/en/players/9e5f56a7/Adam-Virgo,9e5f56a7,Adam-Virgo
Dean Cox,eng ENG,MF,40,32,7,4,"2,780",30.9,5,0,/en/players/f419ee74/Dean-Cox,f419ee74,Dean-Cox
Michel Kuipers,nl NED,GK,28,28,0,0,"2,520",28.0,3,0,/en/players/e7baffee/Michel-Kuipers,7baffee,Michel-Kui
Nicky Forster,eng ENG,FW,30,26,0,12,"2,383",26.5,4,0,/en/players/8947bae8/Nicky-Forster,8947bae8,Nicky-Forst
Adam El-Abd,eg EGY,DF,31,25,0,0,"2,258",25.1,4,0,/en/players/4eb90566/Adam-El-Abd,4eb90566,Adam-El-Abd
Matt Richards,eng ENG,MF,23,23,1,1,"2,070",23.0,2,0,/en/players/427bceb7/Matt-Richards,427bceb7,Matt-Richard
Kevin McLeod,eng ENG,MF,21,21,2,0,946,10.5,1,0,/en/players/50496eb0/Kevin-McLeod,50496eb0,Kevin-McLeod
Glenn Murray,eng ENG,FW,23,18,5,11,"1,689",18.8,3,0,/en/players/f2f29dda/Glenn-Murray,f2f29dda,Glenn-Mu
Tommy Fraser,eng ENG,MF,27,18,1,1,"1,629",18.1,6,0,/en/players/18f09529/Tommy-Fraser,18f09529,Tommy-F
Steven Thomson,sct SCO,MF,17,17,1,0,"1,530",17.0,3,0,/en/players/4232d16d/Steven-Thomson,4232d16d,Steven-Thomso
Colin Hawkins,ie IRL,DF,17,17,0,0,"1,464",16.3,3,0,/en/players/298c2522/Colin-Hawkins,298c2522,Colin-Hawki
John Sullivan,,GK,13,13,0,0,"1,170",13.0,0,0,/en/players/b98b134f/John-Sullivan,b98b134f,John-Sulliv
Lloyd Owusu,gh GHA,FW,14,13,2,7,"1,065",11.8,3,0,/en/players/71f677d1/Lloyd-Owusu,71f677d1,Lloyd-Owusu
David Livermore,eng ENG,"DF,MF",16,12,1,0,"1,024",11.4,4,0,/en/players/759c4f99/David-Livermore,759c4f99,David-Livermo
Adam Hinshelwood,eng ENG,DF,14,11,0,1,"1,039",11.5,2,0,/en/players/197847c4/Adam-Hinshelwood,197847c4,Adam-Hinshelwood
Jason Jarrett,eng ENG,MF,13,11,0,0,"1,036",11.5,3,0,/en/players/84067873/Jason-Jarrett,84067873,Jason-Jarrett
Gary Borrowdale,eng ENG,DF,12,11,1,0,"1,002",11.1,2,0,/en/players/e6076933/Gary-Borrowdale,6076933,Gary-Borrowd
Craig Davies,wls WAL,FW,16,10,0,1,918,10.2,2,0,/en/players/8601380a/Craig-Davies,8601380a,Craig-Davi
Bradley Johnson,eng ENG,"DF,MF",10,10,0,5,897,10.0,2,0,/en/players/e0d9bbbe/Bradley-Johnson,0d9bbbe,Bradley-Johnso
Joe Anyinsah,eng ENG,FW,11,10,0,0,828,9.2,1,1,/en/players/6f4a2915/Joe-Anyinsah,6f4a2915,Joe-Anyinsah
Gary Dicker,ie IRL,MF,9,9,1,1,810,9.0,0,0,/en/players/306a31a4/Gary-Dicker,306a31a4,Gary-Dick
Chris Birchall,tt TRI,MF,9,8,0,0,572,6.4,0,0,/en/players/4820d2ac/Chris-Birchall,4820d2ac,Chris-Birch
Doug Loft,eng ENG,"DF,MF",12,7,0,0,595,6.6,2,0,/en/players/da5ee57b/Doug-Loft,da5ee57b,Doug-Loft
Gary Hart,eng ENG,FW,11,7,2,0,468,5.2,2,0,/en/players/5b2f74e0/Gary-Hart,5b2f74e0,Gary-Hart
Matt Heath,eng ENG,DF,6,6,0,1,521,5.8,1,1,/en/players/6b4899eb/Matt-Heath,6b4899eb,Matt-Heath
Al Bangura,sl SLE,MF,6,6,0,0,515,5.7,2,0,/en/players/525719c7/Al-Bangura,525719c7,Al-Bangu
Robbie Savage,wls WAL,MF,6,6,0,0,460,5.1,3,0,/en/players/f60a24de/Robbie-Savage,f60a24de,Robbie-Savag
Sébastien Carole,fr FRA,MF,12,5,1,0,631,7.0,0,0,/en/players/abea3689/Sebastien-Carole,bea3689,Sebastien-Caro
Stuart Fleetwood,wls WAL,FW,11,5,0,0,478,5.3,0,0,/en/players/2e551572/Stuart-Fleetwood,2e551572,Stuart-Fleetwood
Mikkel Andersen,dk DEN,GK,5,5,0,0,450,5.0,0,0,/en/players/63e905bc/Mikkel-Andersen,63e905bc,Mikkel-And
James McNulty,sct SCO,DF,5,5,0,1,450,5.0,1,0,/en/players/de5e12e7/James-McNulty,de5e12e7,James-McNult
Kevin Thornton,ie IRL,MF,12,4,1,0,552,6.1,1,0,/en/players/7ebfa9b0/Kevin-Thornton,7ebfa9b0,Kevin-Thornto
Calvin Andrew,eng ENG,FW,9,3,0,3,518,5.8,0,0,/en/players/4b2711f5/Calvin-Andrew,4b2711f5,Calvin-Andrew
Jake Robinson,eng ENG,"FW,MF",5,0,0,1,125,1.4,0,0,/en/players/3c5c777f/Jake-Robinson,3c5c777f,Jake-Robinso
Steve Cook,eng ENG,"DF,MF",2,0,0,0,53,0.6,0,0,/en/players/3e5e4e63/Steve-Cook,3e5e4e63,Steve-Cook
Joel Lynch,wls WAL,DF,2,0,0,0,32,0.4,0,0,/en/players/a424ca21/Joel-Lynch,424ca21,Joel-Lynch
Jonny Dixon,,FW,1,0,0,0,23,0.3,0,0,/en/players/4fef037b/Jonny-Dixon,4fef037b,Jonny-Dixo
Kerry Mayo,eng ENG,DF,2,0,0,0,10,0.1,0,0,/en/players/ec358d87/Kerry-Mayo,c358d87,Kerry-Mayo
﻿2009-2010,Brighton-and-Hove-Albion
Player,Nationality,Position,Game,Games Starts,Assists,Goals,Minutes,Minutes 90s,Yellow Card,Red Card,Link,Player_id,Player_name
﻿Andrew Crofts,wls WAL,MF,44,44,2,5,"3,937",43.7,5,1,/en/players/5ba16a76/Andrew-Crofts,5ba16a76,Andrew-Croft
Tommy Elphick,eng ENG,DF,44,43,0,3,"3,861",42.9,9,1,/en/players/14caf5c9/Tommy-Elphick,14caf5c9,Tommy-Elphick
Elliott Bennett,eng ENG,"DF,MF",43,43,11,7,"3,784",42.0,4,0,/en/players/02c9ea40/Elliott-Bennett,02c9ea40,Elliott-Bennett
Gary Dicker,ie IRL,MF,42,33,1,2,"3,115",34.6,6,0,/en/players/306a31a4/Gary-Dicker,306a31a4,Gary-Dick
Adam El-Abd,eg EGY,DF,35,33,1,1,"2,773",30.8,5,1,/en/players/4eb90566/Adam-El-Abd,4eb90566,Adam-El-Abd
Alan Navarro,eng ENG,MF,36,31,4,0,"2,633",29.3,5,0,/en/players/466e398a/Alan-Navarro,466e398a,Alan-Navarro
Glenn Murray,eng ENG,FW,32,25,1,12,"2,248",25.0,10,2,/en/players/f2f29dda/Glenn-Murray,f2f29dda,Glenn-Mu
Nicky Forster,eng ENG,FW,27,23,3,13,"1,899",21.1,2,0,/en/players/8947bae8/Nicky-Forster,8947bae8,Nicky-Forst
Adam Virgo,eng ENG,DF,25,20,0,1,"1,801",20.0,2,2,/en/players/9e5f56a7/Adam-Virgo,9e5f56a7,Adam-Virgo
Peter Brezovan,sk SVK,GK,20,20,0,0,"1,800",20.0,1,0,/en/players/12f014b1/Peter-Brezovan,12f014b1,Peter-Brezov
Michel Kuipers,nl NED,GK,20,20,0,0,"1,749",19.4,1,1,/en/players/e7baffee/Michel-Kuipers,7baffee,Michel-Kui
Iñigo Calderón,es ESP,DF,19,19,0,1,"1,679",18.7,6,0,/en/players/17a1c047/Inigo-Calderon,17a1c047,Inigo-Caldero
Marcos Painter,ie IRL,"DF,MF",19,18,0,0,"1,602",17.8,1,0,/en/players/738f8cb7/Marcos-Painter,738f8cb7,Marcos-Paint
Liam Dickinson,eng ENG,FW,27,17,2,4,"1,600",17.8,5,0,/en/players/496a1d0f/Liam-Dickinson,496a1d0f,Liam-Dickinso
James Tunnicliffe,eng ENG,DF,17,17,0,2,"1,506",16.7,1,0,/en/players/9596a2ea/James-Tunnicliffe,9596a2ea,James-Tunnicliff
Gavin Hoyte,tt TRI,DF,18,16,0,0,"1,402",15.6,3,0,/en/players/e5fa95f7/Gavin-Hoyte,5fa95f7,Gavin-Hoyt
Dean Cox,eng ENG,MF,21,9,1,0,960,10.7,1,0,/en/players/f419ee74/Dean-Cox,f419ee74,Dean-Cox
Andrew Whing,eng ENG,"DF,MF",9,9,0,0,737,8.2,1,0,/en/players/6e07cede/Andrew-Whing,6e07cede,Andrew-Whing
Kazenga LuaLua,cd COD,"FW,MF",11,9,0,0,664,7.4,0,0,/en/players/d732d28a/Kazenga-LuaLua,d732d28a,Kazenga-LuaLu
Sébastien Carole,fr FRA,MF,9,7,1,0,531,5.9,1,0,/en/players/abea3689/Sebastien-Carole,bea3689,Sebastien-Caro
Arron Davies,wls WAL,MF,7,7,1,0,499,5.5,1,0,/en/players/c8a73b55/Arron-Davies,c8a73b55,Arron-Davi
Lee Hendrie,eng ENG,MF,8,6,0,0,450,5.0,0,0,/en/players/8716663c/Lee-Hendrie,8716663c,Lee-Hendri
Chris Holroyd,eng ENG,FW,13,5,0,0,625,6.9,0,0,/en/players/667b7110/Chris-Holroyd,667b7110,Chris-Holroyd
James McNulty,sct SCO,DF,8,5,0,0,501,5.6,2,0,/en/players/de5e12e7/James-McNulty,de5e12e7,James-McNult
Graeme Smith,sct SCO,GK,6,5,0,0,500,5.6,1,0,/en/players/375e663a/Graeme-Smith,375e663a,Graeme-Smith
Ashley Barnes,eng ENG,FW,8,4,0,4,456,5.1,1,0,/en/players/2691c772/Ashley-Barnes,2691c772,Ashley-B
Jake Wright,eng ENG,DF,6,4,0,0,433,4.8,1,0,/en/players/a9fc1782/Jake-Wright,9fc1782,Jake-Wright
Matt Thornhill,eng ENG,MF,7,3,0,0,240,2.7,0,0,/en/players/a648e610/Matt-Thornhill,648e610,Matt-Thornhi
Diego Arismendi,uy URU,MF,6,3,0,0,197,2.2,0,1,/en/players/65b54d2d/Diego-Arismendi,65b54d2d,Diego-Arismendi
Kevin McLeod,eng ENG,MF,5,2,0,0,245,2.7,0,0,/en/players/50496eb0/Kevin-McLeod,50496eb0,Kevin-McLeod
Mark Wright,eng ENG,MF,4,2,0,0,189,2.1,0,0,/en/players/7f77fc15/Mark-Wright,7f77fc15,Mark-Wright
Gary Hart,eng ENG,FW,17,1,0,0,322,3.6,2,0,/en/players/5b2f74e0/Gary-Hart,5b2f74e0,Gary-Hart
Lewis Dunk,eng ENG,DF,1,1,0,0,90,1.0,0,0,/en/players/282f75f3/Lewis-Dunk,282f75f3,Lewis-Dunk
Mitch Walker,eng ENG,GK,1,1,0,0,90,1.0,0,0,/en/players/996f0539/Mitch-Walker,996f0539,Mitch-Walk
Jamie Smith,eng ENG,MF,2,1,0,0,41,0.5,0,0,/en/players/56386ff5/Jamie-Smith,56386ff5,Jamie-Smith
Craig Davies,wls WAL,FW,5,0,0,0,48,0.5,0,0,/en/players/8601380a/Craig-Davies,8601380a,Craig-Davi
Jake Forster-Caskey,eng ENG,MF,1,0,0,0,15,0.2,0,0,/en/players/e9ec272c/Jake-Forster-Caskey,9ec272c,Jake-Forster-Cask
Colin Hawkins,ie IRL,DF,1,0,0,0,2,0.0,0,1,/en/players/298c2522/Colin-Hawkins,298c2522,Colin-Hawki
﻿2010-2011,Brighton-and-Hove-Albion
Player,Nationality,Position,Game,Games Starts,Assists,Goals,Minutes,Minutes 90s,Yellow Card,Red Card,Link,Player_id,Player_name
﻿Marcos Painter,ie IRL,"DF,MF",46,46,2,1,"4,122",45.8,4,0,/en/players/738f8cb7/Marcos-Painter,738f8cb7,Marcos-Paint
Casper Ankergren,dk DEN,GK,45,45,0,0,"3,977",44.2,3,0,/en/players/328953a1/Casper-Ankergren,328953a1,Casper-Ankerg
Elliott Bennett,eng ENG,"DF,MF",46,45,17,6,"3,947",43.9,3,0,/en/players/02c9ea40/Elliott-Bennett,02c9ea40,Elliott-Bennett
Iñigo Calderón,es ESP,DF,44,44,2,7,"3,861",42.9,4,1,/en/players/17a1c047/Inigo-Calderon,17a1c047,Inigo-Caldero
Gary Dicker,ie IRL,MF,46,38,4,3,"3,552",39.5,4,0,/en/players/306a31a4/Gary-Dicker,306a31a4,Gary-Dick
Glenn Murray,eng ENG,FW,42,38,4,22,"3,303",36.7,6,0,/en/players/f2f29dda/Glenn-Murray,f2f29dda,Glenn-Mu
Adam El-Abd,eg EGY,DF,37,36,1,1,"3,097",34.4,10,0,/en/players/4eb90566/Adam-El-Abd,4eb90566,Adam-El-Abd
Gordon Greer,sct SCO,DF,32,32,1,0,"2,824",31.4,4,2,/en/players/59cb1a73/Gordon-Greer,59cb1a73,Gordon-G
Ashley Barnes,eng ENG,FW,42,31,5,18,"2,781",30.9,6,0,/en/players/2691c772/Ashley-Barnes,2691c772,Ashley-B
Liam Bridcutt,sct SCO,"DF,MF",37,31,2,2,"2,746",30.5,4,1,/en/players/d6066695/Liam-Bridcutt,d6066695,Liam-Bridcutt
Tommy Elphick,eng ENG,DF,27,22,0,1,"2,047",22.7,7,0,/en/players/14caf5c9/Tommy-Elphick,14caf5c9,Tommy-Elphick
Chris Wood,nz NZL,FW,29,22,4,8,"1,804",20.0,1,0,/en/players/4e9a0555/Chris-Wood,4e9a0555,Chris-Wood
Radostin Kishishev,bg BUL,"DF,MF",32,21,0,0,"1,864",20.7,4,0,/en/players/d06e83b4/Radostin-Kishishev,d06e83b4,Radostin-Kishishev
Matt Sparrow,eng ENG,MF,29,21,3,4,"1,714",19.0,3,0,/en/players/7b8ae0ae/Matt-Sparrow,7b8ae0ae,Matt-Sparrow
Craig Noone,eng ENG,"FW,MF",23,10,5,2,"1,113",12.4,1,0,/en/players/274e493e/Craig-Noone,274e493e,Craig-Noo
Kazenga LuaLua,cd COD,"FW,MF",11,7,4,4,678,7.5,1,0,/en/players/d732d28a/Kazenga-LuaLua,d732d28a,Kazenga-LuaLu
Francisco Sandaza,es ESP,FW,15,3,0,2,395,4.4,1,0,/en/players/d9ab42ff/Francisco-Sandaza,d9ab42ff,Francisco-Sandaz
Jamie Smith,eng ENG,MF,8,3,0,0,345,3.8,0,0,/en/players/56386ff5/Jamie-Smith,56386ff5,Jamie-Smith
Agustín Battipiedi,ar ARG,MF,8,3,0,0,218,2.4,1,0,/en/players/dd7367c9/Agustin-Battipiedi,dd7367c9,Agustin-Battipiedi
Lewis Dunk,eng ENG,DF,5,2,0,0,275,3.1,0,0,/en/players/282f75f3/Lewis-Dunk,282f75f3,Lewis-Dunk
Alan Navarro,eng ENG,MF,4,2,0,0,200,2.2,1,0,/en/players/466e398a/Alan-Navarro,466e398a,Alan-Navarro
Mauricio Taricco,ar ARG,DF,4,2,0,0,153,1.7,0,0,/en/players/efad718d/Mauricio-Taricco,fad718d,Mauricio-Taricco
Peter Brezovan,sk SVK,GK,2,1,0,0,163,1.8,0,0,/en/players/12f014b1/Peter-Brezovan,12f014b1,Peter-Brezov
Yaser Kasim,iq IRQ,MF,1,1,0,0,69,0.8,0,0,/en/players/ffc35ab3/Yaser-Kasim,ffc35ab3,Yaser-Kasim
Cristian Baz,ar ARG,"FW,MF",7,0,0,0,91,1.0,0,0,/en/players/e4f081d9/Cristian-Baz,4f081d9,Cristian-Baz
Gary Hart,eng ENG,FW,3,0,0,0,36,0.4,0,0,/en/players/5b2f74e0/Gary-Hart,5b2f74e0,Gary-Hart
Chris Holroyd,eng ENG,FW,3,0,0,0,30,0.3,0,0,/en/players/667b7110/Chris-Holroyd,667b7110,Chris-Holroyd
﻿2011-2012,Brighton-and-Hove-Albion
Player,Nationality,Position,Game,Games Starts,Assists,Goals,Minutes,Minutes 90s,Yellow Card,Red Card,Link,Player_id,Player_name
﻿Liam Bridcutt,sct SCO,"DF,MF",43,43,4,0,"3,797",42.2,11,0,/en/players/d6066695/Liam-Bridcutt,d6066695,Liam-Bridcutt
Gordon Greer,sct SCO,DF,42,42,0,1,"3,777",42.0,8,1,/en/players/59cb1a73/Gordon-Greer,59cb1a73,Gordon-G
Craig Mackail-Smith,sct SCO,FW,45,40,5,9,"3,490",38.8,3,0,/en/players/f6454937/Craig-Mackail-Smith,f6454937,Craig-Mackail-Smith
Ashley Barnes,eng ENG,FW,43,36,4,11,"3,151",35.0,6,1,/en/players/2691c772/Ashley-Barnes,2691c772,Ashley-B
Lewis Dunk,eng ENG,DF,31,31,1,0,"2,790",31.0,12,0,/en/players/282f75f3/Lewis-Dunk,282f75f3,Lewis-Dunk
Iñigo Calderón,es ESP,DF,32,30,2,4,"2,721",30.2,6,0,/en/players/17a1c047/Inigo-Calderon,17a1c047,Inigo-Caldero
Alan Navarro,eng ENG,MF,33,24,2,1,"2,316",25.7,3,0,/en/players/466e398a/Alan-Navarro,466e398a,Alan-Navarro
Adam El-Abd,eg EGY,DF,23,21,0,0,"1,989",22.1,8,0,/en/players/4eb90566/Adam-El-Abd,4eb90566,Adam-El-Abd
Peter Brezovan,sk SVK,GK,20,20,0,0,"1,800",20.0,1,0,/en/players/12f014b1/Peter-Brezovan,12f014b1,Peter-Brezov
Marcos Painter,ie IRL,"DF,MF",20,20,0,0,"1,582",17.6,3,1,/en/players/738f8cb7/Marcos-Painter,738f8cb7,Marcos-Paint
Casper Ankergren,dk DEN,GK,19,19,0,0,"1,710",19.0,2,0,/en/players/328953a1/Casper-Ankergren,328953a1,Casper-Ankerg
Craig Noone,eng ENG,"FW,MF",33,18,5,2,"1,818",20.2,5,0,/en/players/274e493e/Craig-Noone,274e493e,Craig-Noo
Gary Dicker,ie IRL,MF,18,17,2,0,"1,446",16.1,5,0,/en/players/306a31a4/Gary-Dicker,306a31a4,Gary-Dick
Will Buckley,eng ENG,"FW,MF",29,16,1,8,"1,465",16.3,0,0,/en/players/b1929302/Will-Buckley,b1929302,Will-Buck
Matt Sparrow,eng ENG,MF,18,15,0,2,"1,279",14.2,4,2,/en/players/7b8ae0ae/Matt-Sparrow,7b8ae0ae,Matt-Sparrow
Joe Mattock,eng ENG,"DF,MF",15,14,0,1,"1,248",13.9,0,0,/en/players/6b192b31/Joe-Mattock,6b192b31,Joe-Mattock
Gonzalo Jara,cl CHI,"DF,MF",14,14,1,0,"1,151",12.8,4,1,/en/players/9b1b4782/Gonzalo-Jara,9b1b4782,Gonzalo-J
Ryan Harley,eng ENG,MF,16,13,0,2,932,10.4,0,0,/en/players/67c72a0f/Ryan-Harley,67c72a0f,Ryan-H
Vicente Rodríguez,es ESP,"FW,MF",17,11,8,3,"1,092",12.1,1,0,/en/players/73b8c719/Vicente-Rodriguez,73b8c719,Vicente-Rodriguez
Kazenga LuaLua,cd COD,"FW,MF",27,11,2,1,989,11.0,4,0,/en/players/d732d28a/Kazenga-LuaLua,d732d28a,Kazenga-LuaLu
Romain Vincelot,fr FRA,"DF,MF",15,10,0,1,965,10.7,2,1,/en/players/f5838e66/Romain-Vincelot,f5838e66,Romain-Vincelot
Mauricio Taricco,ar ARG,DF,11,9,0,0,748,8.3,3,1,/en/players/efad718d/Mauricio-Taricco,fad718d,Mauricio-Taricco
Sam Vokes,wls WAL,FW,14,7,0,3,655,7.3,0,0,/en/players/1d6ac165/Sam-Vokes,1d6ac165,Sam-Vok
Billy Paynter,eng ENG,FW,10,6,0,0,562,6.2,0,0,/en/players/1b02a234/Billy-Paynter,1b02a234,Billy-Paynt
Steve Harper,eng ENG,GK,5,5,0,0,450,5.0,0,0,/en/players/a98f1d52/Steve-Harper,98f1d52,Steve-H
Abdul Razak,ci CIV,MF,6,4,0,0,304,3.4,0,0,/en/players/5e61927c/Abdul-Razak,5e61927c,Abdul-Razak
Jake Forster-Caskey,eng ENG,MF,4,3,0,1,224,2.5,0,0,/en/players/e9ec272c/Jake-Forster-Caskey,9ec272c,Jake-Forster-Cask
Will Hoskins,eng ENG,FW,7,2,0,1,284,3.2,0,0,/en/players/25ba1c55/Will-Hoskins,25ba1c55,Will-Hoski
Gai Assulin,il ISR,MF,7,2,0,0,185,2.1,0,0,/en/players/ba776102/Gai-Assulin,ba776102,Gai-Assuli
David González,co COL,GK,2,2,0,0,180,2.0,0,0,/en/players/3eea25ca/David-Gonzalez,3eea25ca,David-Gonzalez
Steve Cook,eng ENG,"DF,MF",1,1,0,0,90,1.0,0,0,/en/players/3e5e4e63/Steve-Cook,3e5e4e63,Steve-Cook
Torbjørn Agdestein,no NOR,FW,4,0,1,0,65,0.7,1,0,/en/players/c880689a/Torbjorn-Agdestein,c880689a,Torbjorn-Agdestei
Grant Hall,eng ENG,DF,1,0,0,0,37,0.4,0,0,/en/players/1264ee68/Grant-Hall,1264ee68,Grant-H
﻿2012-2013,Brighton-and-Hove-Albion
Player,Nationality,Position,Game,Games Starts,Assists,Goals,Minutes,Minutes 90s,Yellow Card,Red Card,Link,Player_id,Player_name
﻿Tomasz Kuszczak,pl POL,GK,43,43,0,0,"3,843",42.7,2,0,/en/players/a924380b/Tomasz-Kuszczak,924380b,Tomasz-Kuszczak
Liam Bridcutt,sct SCO,"DF,MF",41,41,6,0,"3,610",40.1,11,0,/en/players/d6066695/Liam-Bridcutt,d6066695,Liam-Bridcutt
Gordon Greer,sct SCO,DF,38,37,0,1,"3,333",37.0,5,0,/en/players/59cb1a73/Gordon-Greer,59cb1a73,Gordon-G
Wayne Bridge,eng ENG,DF,37,37,1,3,"3,223",35.8,4,0,/en/players/86b982bc/Wayne-Bridge,86b982bc,Wayne-Bridg
Dean Hammond,eng ENG,MF,37,31,1,2,"2,799",31.1,5,0,/en/players/577c12e5/Dean-Hammond,577c12e5,Dean-Hammond
Adam El-Abd,eg EGY,DF,32,31,0,1,"2,750",30.6,10,0,/en/players/4eb90566/Adam-El-Abd,4eb90566,Adam-El-Abd
Andrea Orlandi,es ESP,"FW,MF",35,30,11,6,"2,465",27.4,2,0,/en/players/b1403ee6/Andrea-Orlandi,b1403ee6,Andrea-Orlandi
Bruno,es ESP,DF,30,29,5,1,"2,502",27.8,3,0,/en/players/78803d03/Bruno,78803d03,Bruno
Will Buckley,eng ENG,"FW,MF",36,28,8,8,"2,477",27.5,3,0,/en/players/b1929302/Will-Buckley,b1929302,Will-Buck
David López,es ESP,MF,31,27,4,9,"2,317",25.7,1,0,/en/players/a698164e/David-Lopez,698164e,David-Lopez
Ashley Barnes,eng ENG,FW,34,26,4,8,"2,381",26.5,4,2,/en/players/2691c772/Ashley-Barnes,2691c772,Ashley-B
Craig Mackail-Smith,sct SCO,FW,29,24,1,11,"2,126",23.6,0,0,/en/players/f6454937/Craig-Mackail-Smith,f6454937,Craig-Mackail-Smith
Iñigo Calderón,es ESP,DF,28,18,5,0,"1,798",20.0,4,1,/en/players/17a1c047/Inigo-Calderon,17a1c047,Inigo-Caldero
Matthew Upson,eng ENG,DF,18,18,0,1,"1,620",18.0,2,0,/en/players/1a6e6d03/Matthew-Upson,1a6e6d03,Matthew-Upso
Andrew Crofts,wls WAL,MF,24,17,0,0,"1,441",16.0,1,0,/en/players/5ba16a76/Andrew-Crofts,5ba16a76,Andrew-Croft
Leonardo Ulloa,ar ARG,FW,17,16,2,9,"1,420",15.8,2,0,/en/players/eed56f6c/Leonardo-Ulloa,d56f6c,Leonardo-Ullo
Gary Dicker,ie IRL,MF,23,12,2,0,"1,274",14.2,1,0,/en/players/306a31a4/Gary-Dicker,306a31a4,Gary-Dick
Kazenga LuaLua,cd COD,"FW,MF",22,8,3,5,952,10.6,2,0,/en/players/d732d28a/Kazenga-LuaLua,d732d28a,Kazenga-LuaLu
Lewis Dunk,eng ENG,DF,8,7,0,0,498,5.5,0,1,/en/players/282f75f3/Lewis-Dunk,282f75f3,Lewis-Dunk
Vicente Rodríguez,es ESP,"FW,MF",12,6,0,2,638,7.1,1,0,/en/players/73b8c719/Vicente-Rodriguez,73b8c719,Vicente-Rodriguez
Stephen Dobbie,sct SCO,FW,15,5,0,2,601,6.7,1,0,/en/players/2d67e9c7/Stephen-Dobbie,2d67e9c7,Stephen-Dobbi
Marcos Painter,ie IRL,"DF,MF",5,5,0,0,360,4.0,1,0,/en/players/738f8cb7/Marcos-Painter,738f8cb7,Marcos-Paint
Will Hoskins,eng ENG,FW,11,4,0,0,354,3.9,0,0,/en/players/25ba1c55/Will-Hoskins,25ba1c55,Will-Hoski
Craig Noone,eng ENG,"FW,MF",3,3,1,0,217,2.4,1,0,/en/players/274e493e/Craig-Noone,274e493e,Craig-Noo
Casper Ankergren,dk DEN,GK,3,2,0,0,207,2.3,1,0,/en/players/328953a1/Casper-Ankergren,328953a1,Casper-Ankerg
Peter Brezovan,sk SVK,GK,1,1,0,0,90,1.0,0,0,/en/players/12f014b1/Peter-Brezovan,12f014b1,Peter-Brezov
Ryan Harley,eng ENG,MF,2,0,0,0,30,0.3,0,0,/en/players/67c72a0f/Ryan-Harley,67c72a0f,Ryan-H
George Barker,eng ENG,FW,3,0,0,0,27,0.3,0,0,/en/players/2972401e/George-Barker,2972401e,George-Bark
Jake Forster-Caskey,eng ENG,MF,3,0,0,0,11,0.1,0,0,/en/players/e9ec272c/Jake-Forster-Caskey,9ec272c,Jake-Forster-Cask
Torbjørn Agdestein,no NOR,FW,2,0,0,0,9,0.1,0,0,/en/players/c880689a/Torbjorn-Agdestein,c880689a,Torbjorn-Agdestei
﻿2013-2014,Brighton-and-Hove-Albion
Player,Nationality,Position,Game,Games Starts,Assists,Goals,Minutes,Minutes 90s,Yellow Card,Red Card,Link,Player_id,Player_name
﻿Stephen Ward,ie IRL,"DF,FW",44,44,4,4,"3,863",42.9,3,0,/en/players/3831b9fe/Stephen-Ward,3831b9fe,Stephen-Ward
Matthew Upson,eng ENG,DF,43,43,0,2,"3,870",43.0,4,0,/en/players/1a6e6d03/Matthew-Upson,1a6e6d03,Matthew-Upso
Tomasz Kuszczak,pl POL,GK,41,41,0,0,"3,690",41.0,0,0,/en/players/a924380b/Tomasz-Kuszczak,924380b,Tomasz-Kuszczak
Gordon Greer,sct SCO,DF,40,40,0,1,"3,488",38.8,6,1,/en/players/59cb1a73/Gordon-Greer,59cb1a73,Gordon-G
Bruno,es ESP,DF,33,31,0,1,"2,722",30.2,9,0,/en/players/78803d03/Bruno,78803d03,Bruno
Leonardo Ulloa,ar ARG,FW,33,31,3,14,"2,663",29.6,6,1,/en/players/eed56f6c/Leonardo-Ulloa,d56f6c,Leonardo-Ullo
Keith Andrews,ie IRL,MF,31,28,2,1,"2,567",28.5,6,0,/en/players/5bca867f/Keith-Andrews,5bca867f,Keith-Andrew
Rohan Ince,ms MSR,"DF,MF",28,26,0,0,"2,179",24.2,4,0,/en/players/a74f8572/Rohan-Ince,74f8572,Rohan-Inc
David López,es ESP,MF,34,26,2,3,"1,921",21.3,2,0,/en/players/a698164e/David-Lopez,698164e,David-Lopez
Andrew Crofts,wls WAL,MF,23,23,0,5,"2,034",22.6,4,0,/en/players/5ba16a76/Andrew-Crofts,5ba16a76,Andrew-Croft
Will Buckley,eng ENG,"FW,MF",30,20,2,3,"1,903",21.1,0,0,/en/players/b1929302/Will-Buckley,b1929302,Will-Buck
Jake Forster-Caskey,eng ENG,MF,28,19,0,3,"1,628",18.1,3,0,/en/players/e9ec272c/Jake-Forster-Caskey,9ec272c,Jake-Forster-Cask
Iñigo Calderón,es ESP,DF,23,18,3,2,"1,668",18.5,5,0,/en/players/17a1c047/Inigo-Calderon,17a1c047,Inigo-Caldero
Ashley Barnes,eng ENG,FW,22,17,1,5,"1,519",16.9,3,0,/en/players/2691c772/Ashley-Barnes,2691c772,Ashley-B
Jesse Lingard,eng ENG,"FW,MF",15,15,2,3,"1,216",13.5,1,0,/en/players/810e3c74/Jesse-Lingard,810e3c74,Jesse-Lingard
Dale Stephens,eng ENG,MF,14,12,1,2,"1,111",12.3,2,0,/en/players/653ee42d/Dale-Stephens,653ee42d,Dale-Steph
Kazenga LuaLua,cd COD,"FW,MF",32,11,4,1,"1,420",15.8,5,0,/en/players/d732d28a/Kazenga-LuaLua,d732d28a,Kazenga-LuaLu
Craig Conway,sct SCO,"FW,MF",13,11,3,1,950,10.6,0,0,/en/players/2ce2d9ea/Craig-Conway,2ce2d9ea,Craig-Conw
Andrea Orlandi,es ESP,"FW,MF",14,9,1,0,770,8.6,1,0,/en/players/b1403ee6/Andrea-Orlandi,b1403ee6,Andrea-Orlandi
Liam Bridcutt,sct SCO,"DF,MF",11,8,0,0,807,9.0,2,0,/en/players/d6066695/Liam-Bridcutt,d6066695,Liam-Bridcutt
Solly March,eng ENG,"DF,FW",23,7,1,0,767,8.5,2,0,/en/players/bb5fbd2b/Solly-March,bb5fbd2b,Solly-March
David Rodríguez,es ESP,FW,10,6,0,1,456,5.1,1,0,/en/players/bae862bf/David-Rodriguez,bae862bf,David-Rodriguez
Adam El-Abd,eg EGY,DF,9,5,0,0,527,5.9,2,0,/en/players/4eb90566/Adam-El-Abd,4eb90566,Adam-El-Abd
Kemy Agustien,cw CUW,"DF,MF",11,5,1,0,500,5.6,0,0,/en/players/027a5151/Kemy-Agustien,027a5151,Kemy-Agusti
Lewis Dunk,eng ENG,DF,6,4,1,0,400,4.4,1,0,/en/players/282f75f3/Lewis-Dunk,282f75f3,Lewis-Dunk
Peter Brezovan,sk SVK,GK,4,4,0,0,360,4.0,0,0,/en/players/12f014b1/Peter-Brezovan,12f014b1,Peter-Brezov
Casper Ankergren,dk DEN,GK,1,1,0,0,90,1.0,0,0,/en/players/328953a1/Casper-Ankergren,328953a1,Casper-Ankerg
Vitālijs Maksimenko,lv LVA,"DF,MF",1,1,0,0,90,1.0,1,0,/en/players/5eb562ba/Vitalijs-Maksimenko,5eb562ba,Vitalijs-Maksimenko
Leroy Lita,eng ENG,FW,5,0,0,1,82,0.9,0,0,/en/players/238f467d/Leroy-Lita,238f467d,Leroy-Lit
Craig Mackail-Smith,sct SCO,FW,5,0,1,0,68,0.8,0,0,/en/players/f6454937/Craig-Mackail-Smith,f6454937,Craig-Mackail-Smith
Jonathan Obika,eng ENG,FW,5,0,0,0,67,0.7,0,0,/en/players/ccecacd5/Jonathan-Obika,ccecacd5,Jonathan-Obik
Adam Chicksen,zw ZIM,DF,1,0,0,0,47,0.5,0,0,/en/players/c87352d6/Adam-Chicksen,c87352d6,Adam-Chick
George Barker,eng ENG,FW,1,0,0,0,7,0.1,0,0,/en/players/2972401e/George-Barker,2972401e,George-Bark
﻿2014-2015,Brighton-and-Hove-Albion
Player,Nationality,Position,Game,Games Starts,Assists,Goals,Minutes,Minutes 90s,Yellow Card,Red Card,Link,Player_id,Player_name
﻿David Stockdale,eng ENG,GK,42,42,0,0,"3,780",42.0,1,0,/en/players/dc168826/David-Stockdale,dc168826,David-Stockd
Joe Bennett,eng ENG,"DF,MF",41,41,3,1,"3,673",40.8,8,0,/en/players/dc936144/Joe-Bennett,dc936144,Joe-Bennett
Lewis Dunk,eng ENG,DF,38,38,2,5,"3,346",37.2,9,1,/en/players/282f75f3/Lewis-Dunk,282f75f3,Lewis-Dunk
Gordon Greer,sct SCO,DF,37,37,1,2,"3,330",37.0,11,0,/en/players/59cb1a73/Gordon-Greer,59cb1a73,Gordon-G
Bruno,es ESP,DF,35,33,1,3,"2,899",32.2,6,1,/en/players/78803d03/Bruno,78803d03,Bruno
Iñigo Calderón,es ESP,DF,35,30,2,4,"2,741",30.5,4,0,/en/players/17a1c047/Inigo-Calderon,17a1c047,Inigo-Caldero
Jake Forster-Caskey,eng ENG,MF,29,28,0,1,"2,379",26.4,7,0,/en/players/e9ec272c/Jake-Forster-Caskey,9ec272c,Jake-Forster-Cask
João Carlos Teixeira,pt POR,MF,32,27,3,6,"2,192",24.4,4,0,/en/players/601299e9/Joao-Carlos-Teixeira,601299e9,Joao-Carlos-Teixei
Rohan Ince,ms MSR,"DF,MF",32,23,2,1,"2,252",25.0,7,0,/en/players/a74f8572/Rohan-Ince,74f8572,Rohan-Inc
Danny Holla,nl NED,MF,24,23,3,1,"1,952",21.7,5,0,/en/players/47b4477d/Danny-Holla,47b4477d,Danny-Ho
Sam Baldock,eng ENG,"FW,MF",20,19,4,3,"1,537",17.1,2,0,/en/players/9d597f08/Sam-Baldock,9d597f08,Sam-Baldock
Beram Kayal,il ISR,MF,18,17,0,1,"1,371",15.2,4,0,/en/players/26679cdf/Beram-Kayal,26679cdf,Beram-K
Kazenga LuaLua,cd COD,"FW,MF",34,15,3,3,"1,768",19.6,6,1,/en/players/d732d28a/Kazenga-LuaLua,d732d28a,Kazenga-LuaLu
Chris O'Grady,eng ENG,FW,28,15,1,1,"1,501",16.7,0,0,/en/players/da7c9e6f/Chris-OGrady,da7c9e6f,Chris-OGrad
Craig Mackail-Smith,sct SCO,FW,30,15,1,1,"1,419",15.8,0,0,/en/players/f6454937/Craig-Mackail-Smith,f6454937,Craig-Mackail-Smith
Gary Gardner,eng ENG,MF,17,14,0,2,"1,315",14.6,6,0,/en/players/d9d58641/Gary-Gardner,d9d58641,Gary-Gard
Greg Halford,eng ENG,"DF,FW",19,14,0,0,"1,314",14.6,4,0,/en/players/06d45e81/Greg-Halford,06d45e81,Greg-Halford
Adrián Colunga,es ESP,"FW,MF",17,11,4,3,987,11.0,2,1,/en/players/2212dd4e/Adrian-Colunga,2212dd4e,Adrian-Colung
Dale Stephens,eng ENG,MF,16,10,0,2,"1,014",11.3,2,0,/en/players/653ee42d/Dale-Stephens,653ee42d,Dale-Steph
Aaron Hughes,nir NIR,DF,10,7,0,0,600,6.7,0,0,/en/players/dccccccc/Aaron-Hughes,dccccccc,Aaron-Hugh
Elliott Bennett,eng ENG,"DF,MF",7,7,0,0,557,6.2,0,0,/en/players/02c9ea40/Elliott-Bennett,02c9ea40,Elliott-Bennett
Andrew Crofts,wls WAL,MF,7,7,0,0,526,5.8,0,1,/en/players/5ba16a76/Andrew-Crofts,5ba16a76,Andrew-Croft
Leon Best,ie IRL,FW,13,6,0,0,584,6.5,0,0,/en/players/0780ab75/Leon-Best,0780ab75,Leon-Best
Solly March,eng ENG,"DF,FW",11,6,1,1,449,5.0,0,0,/en/players/bb5fbd2b/Solly-March,bb5fbd2b,Solly-March
Darren Bent,eng ENG,FW,5,5,0,2,383,4.3,0,0,/en/players/fe97f10b/Darren-Bent,fe97f10b,Darren-Bent
Adam Chicksen,zw ZIM,DF,5,4,0,0,377,4.2,1,0,/en/players/c87352d6/Adam-Chicksen,c87352d6,Adam-Chick
Mustapha Carayol,gm GAM,MF,5,4,0,0,275,3.1,1,0,/en/players/597d0f13/Mustapha-Carayol,597d0f13,Mustapha-Carayo
Christian Walton,eng ENG,GK,3,3,0,0,270,3.0,0,0,/en/players/c666574f/Christian-Walton,c666574f,Christian-Walto
Emmanuel Ledesma,ar ARG,"FW,MF",4,2,0,0,158,1.8,1,0,/en/players/fb79af97/Emmanuel-Ledesma,fb79af97,Emmanuel-Ledesm
Ali Al-Habsi,om OMA,GK,1,1,0,0,90,1.0,0,0,/en/players/032f766b/Ali-Al-Habsi,032f766b,Ali-Al-Habsi
Kemy Agustien,cw CUW,"DF,MF",2,1,0,0,88,1.0,0,0,/en/players/027a5151/Kemy-Agustien,027a5151,Kemy-Agusti
Shamir Fenelon,ie IRL,"FW,MF",2,1,0,0,75,0.8,0,0,/en/players/ce4e7a21/Shamir-Fenelon,ce4e7a21,Shamir-Fenelo
Paddy McCourt,nir NIR,MF,10,0,0,0,206,2.3,1,0,/en/players/6c530e7f/Paddy-McCourt,6c530e7f,Paddy-McCourt
Will Buckley,eng ENG,"FW,MF",1,0,0,0,30,0.3,0,0,/en/players/b1929302/Will-Buckley,b1929302,Will-Buck
James Tilley,eng ENG,"FW,MF",1,0,0,0,1,0.0,0,0,/en/players/ffa09db2/James-Tilley,ffa09db2,James-Ti
Casper Ankergren,dk DEN,GK,0,0,,,,,,,/en/players/328953a1/Casper-Ankergren,328953a1,Casper-Ankerg
Vitālijs Maksimenko,lv LVA,"DF,MF",0,0,,,,,,,/en/players/5eb562ba/Vitalijs-Maksimenko,5eb562ba,Vitalijs-Maksimenko
Glen Rea,ie IRL,"DF,MF",0,0,,,,,,,/en/players/5c3f2f39/Glen-Rea,5c3f2f39,Glen-R
Nzuzi Toko,cd COD,"DF,MF",0,0,,,,,,,/en/players/dcbff1f9/Nzuzi-Toko,dcbff1f9,Nzuzi-Toko
﻿2015-2016,Brighton-and-Hove-Albion
Player,Nationality,Position,Game,Games Starts,Assists,Goals,Minutes,Minutes 90s,Yellow Card,Red Card,Link,Player_id,Player_name
﻿David Stockdale,eng ENG,GK,46,46,0,0,"4,140",46.0,5,0,/en/players/dc168826/David-Stockdale,dc168826,David-Stockd
Bruno,es ESP,DF,46,46,2,1,"4,053",45.0,5,0,/en/players/78803d03/Bruno,78803d03,Bruno
Dale Stephens,eng ENG,MF,45,45,5,7,"3,969",44.1,10,1,/en/players/653ee42d/Dale-Stephens,653ee42d,Dale-Steph
Beram Kayal,il ISR,MF,43,43,7,2,"3,791",42.1,9,0,/en/players/26679cdf/Beram-Kayal,26679cdf,Beram-K
Tomer Hemed,il ISR,FW,44,40,6,17,"3,188",35.4,3,0,/en/players/27d7453c/Tomer-Hemed,27d7453c,Tomer-Hemed
Lewis Dunk,eng ENG,DF,38,37,1,3,"3,369",37.4,7,1,/en/players/282f75f3/Lewis-Dunk,282f75f3,Lewis-Dunk
Jamie Murphy,sct SCO,"MF,FW",37,31,4,6,"2,675",29.7,0,1,/en/players/6c96b263/Jamie-Murphy,6c96b263,Jamie-Murph
Liam Rosenior,eng ENG,"DF,MF",31,27,1,0,"2,329",25.9,3,0,/en/players/8b0d6fe9/Liam-Rosenior,8b0d6fe9,Liam-Rosenio
Sam Baldock,eng ENG,FW,28,25,3,4,"1,951",21.7,2,0,/en/players/9d597f08/Sam-Baldock,9d597f08,Sam-Baldock
Connor Goldson,eng ENG,DF,24,22,0,2,"2,027",22.5,2,0,/en/players/56f6f826/Connor-Goldson,56f6f826,Connor-Goldso
Gordon Greer,sct SCO,DF,20,20,0,0,"1,716",19.1,5,0,/en/players/59cb1a73/Gordon-Greer,59cb1a73,Gordon-G
Anthony Knockaert,fr FRA,MF,19,18,6,5,"1,578",17.5,2,0,/en/players/6c679c6d/Anthony-Knockaert,6c679c6d,Anthony-Knockaert
Gaëtan Bong,cm CMR,DF,16,13,0,0,"1,215",13.5,3,0,/en/players/cfd5e123/Gaetan-Bong,cfd5e123,Gaetan-Bong
Uwe Hünemeier,de GER,DF,15,13,0,0,"1,151",12.8,2,0,/en/players/f42456eb/Uwe-Hunemeier,f42456eb,Uwe-Hunemei
Solly March,eng ENG,MF,16,13,1,3,"1,140",12.7,4,0,/en/players/bb5fbd2b/Solly-March,bb5fbd2b,Solly-March
James Wilson,eng ENG,FW,25,11,0,5,"1,200",13.3,0,0,/en/players/b0d786ee/James-Wilson,b0d786ee,James-Wilso
Iñigo Calderón,es ESP,DF,17,10,0,0,"1,011",11.2,2,0,/en/players/17a1c047/Inigo-Calderon,17a1c047,Inigo-Caldero
Bobby Zamora,eng ENG,FW,26,10,2,7,962,10.7,2,0,/en/players/7ddb3563/Bobby-Zamora,7ddb3563,Bobby-Zamo
Kazenga LuaLua,cd COD,MF,18,9,0,3,895,9.9,7,0,/en/players/d732d28a/Kazenga-LuaLua,d732d28a,Kazenga-LuaLu
Jiří Skalák,cz CZE,MF,12,8,5,2,684,7.6,1,0,/en/players/beaec218/Jiri-Skalak,beaec218,Jiri-Skalak
Andrew Crofts,wls WAL,MF,17,5,1,0,690,7.7,1,0,/en/players/5ba16a76/Andrew-Crofts,5ba16a76,Andrew-Croft
Liam Ridgewell,eng ENG,DF,5,5,0,0,429,4.8,1,0,/en/players/7c9e057e/Liam-Ridgewell,7c9e057e,Liam-Ridgew
Steve Sidwell,eng ENG,MF,16,4,1,1,441,4.9,0,0,/en/players/ed083afd/Steve-Sidwell,d083afd,Steve-Sidw
Rajiv van La Parra,nl NED,"MF,FW",6,4,0,2,432,4.8,0,0,/en/players/1931bde9/Rajiv-van-La-Parra,1931bde9,Rajiv-van-La-P
Rohan Ince,ms MSR,MF,12,1,0,0,243,2.7,0,0,/en/players/a74f8572/Rohan-Ince,74f8572,Rohan-Inc
Elvis Manu,nl NED,"FW,MF",8,0,0,0,135,1.5,0,0,/en/players/62d0dcc5/Elvis-Manu,62d0dcc5,Elvis-Manu
Jake Forster-Caskey,eng ENG,MF,2,0,0,0,31,0.3,0,0,/en/players/e9ec272c/Jake-Forster-Caskey,9ec272c,Jake-Forster-Cask
Chris O'Grady,eng ENG,FW,3,0,0,0,30,0.3,0,0,/en/players/da7c9e6f/Chris-OGrady,da7c9e6f,Chris-OGrad
Danny Holla,nl NED,MF,1,0,0,0,12,0.1,0,0,/en/players/47b4477d/Danny-Holla,47b4477d,Danny-Ho
Adam Chicksen,zw ZIM,DF,1,0,0,0,1,0.0,0,0,/en/players/c87352d6/Adam-Chicksen,c87352d6,Adam-Chick
Daniel Akindayini,eng ENG,FW,0,0,,,,,,,/en/players/a42899df/Daniel-Akindayini,42899df,Daniel-Akindayini
Casper Ankergren,dk DEN,GK,0,0,,,,,,,/en/players/328953a1/Casper-Ankergren,328953a1,Casper-Ankerg
Niki Mäenpää,fi FIN,GK,0,0,,,,,,,/en/players/14a96e1c/Niki-Maenpaa,14a96e1c,Niki-M
Glen Rea,ie IRL,"DF,MF",0,0,,,,,,,/en/players/5c3f2f39/Glen-Rea,5c3f2f39,Glen-R
Richie Towell,ie IRL,MF,0,0,,,,,,,/en/players/7a73917e/Richie-Towell,7a73917e,Richie-Tow
﻿2016-2017,Brighton-and-Hove-Albion
Player,Nationality,Position,Game,Games Starts,Assists,Goals,Minutes,Minutes 90s,Yellow Card,Red Card,Link,Player_id,Player_name
﻿David Stockdale,eng ENG,GK,45,45,0,0,"4,050",45.0,1,0,/en/players/dc168826/David-Stockdale,dc168826,David-Stockd
Anthony Knockaert,fr FRA,MF,45,44,8,15,"3,773",41.9,10,0,/en/players/6c679c6d/Anthony-Knockaert,6c679c6d,Anthony-Knockaert
Lewis Dunk,eng ENG,DF,43,43,1,2,"3,740",41.6,13,2,/en/players/282f75f3/Lewis-Dunk,282f75f3,Lewis-Dunk
Bruno,es ESP,DF,42,42,3,0,"3,715",41.3,0,0,/en/players/78803d03/Bruno,78803d03,Bruno
Glenn Murray,eng ENG,FW,45,39,5,23,"3,439",38.2,6,1,/en/players/f2f29dda/Glenn-Murray,f2f29dda,Glenn-Mu
Dale Stephens,eng ENG,MF,39,33,2,2,"3,041",33.8,7,2,/en/players/653ee42d/Dale-Stephens,653ee42d,Dale-Steph
Shane Duffy,ie IRL,DF,31,31,0,2,"2,790",31.0,5,0,/en/players/7314bba4/Shane-Duffy,7314bba4,Shane-Duff
Sam Baldock,eng ENG,FW,31,27,4,11,"2,162",24.0,5,2,/en/players/9d597f08/Sam-Baldock,9d597f08,Sam-Baldock
Steve Sidwell,eng ENG,MF,34,26,0,1,"2,383",26.5,4,0,/en/players/ed083afd/Steve-Sidwell,d083afd,Steve-Sidw
Gaëtan Bong,cm CMR,DF,24,24,4,0,"2,160",24.0,6,2,/en/players/cfd5e123/Gaetan-Bong,cfd5e123,Gaetan-Bong
Jiří Skalák,cz CZE,MF,31,24,5,0,"1,891",21.0,2,0,/en/players/beaec218/Jiri-Skalak,beaec218,Jiri-Skalak
Jamie Murphy,sct SCO,"MF,FW",35,20,3,2,"1,880",20.9,1,0,/en/players/6c96b263/Jamie-Murphy,6c96b263,Jamie-Murph
Tomer Hemed,il ISR,FW,37,20,2,11,"1,832",20.4,2,0,/en/players/27d7453c/Tomer-Hemed,27d7453c,Tomer-Hemed
Beram Kayal,il ISR,MF,20,17,1,0,"1,385",15.4,1,0,/en/players/26679cdf/Beram-Kayal,26679cdf,Beram-K
Oliver Norwood,nir NIR,MF,33,16,2,0,"1,633",18.1,3,0,/en/players/43439614/Oliver-Norwood,43439614,Oliver-Norwood
Sébastien Pocognoli,be BEL,DF,19,16,1,1,"1,371",15.2,2,0,/en/players/cc41eec1/Sebastien-Pocognoli,cc41eec1,Sebastien-Pocognoli
Uwe Hünemeier,de GER,DF,11,11,0,1,990,11.0,0,0,/en/players/f42456eb/Uwe-Hunemeier,f42456eb,Uwe-Hunemei
Solly March,eng ENG,"MF,FW",25,9,2,3,"1,069",11.9,0,0,/en/players/bb5fbd2b/Solly-March,bb5fbd2b,Solly-March
Liam Rosenior,eng ENG,DF,10,9,1,0,820,9.1,2,0,/en/players/8b0d6fe9/Liam-Rosenior,8b0d6fe9,Liam-Rosenio
Connor Goldson,eng ENG,DF,5,4,0,0,371,4.1,0,0,/en/players/56f6f826/Connor-Goldson,56f6f826,Connor-Goldso
Fikayo Tomori,eng ENG,DF,9,2,0,0,395,4.4,0,0,/en/players/7edfbb8a/Fikayo-Tomori,7edfbb8a,Fikayo-Tomori
Chuba Akpom,eng ENG,FW,10,1,0,0,186,2.1,0,0,/en/players/e2b384d2/Chuba-Akpom,2b384d2,Chuba-Akpom
Sam Adekugbe,ca CAN,DF,1,1,0,0,90,1.0,0,0,/en/players/7f2309be/Sam-Adekugbe,7f2309be,Sam-Adekugb
Niki Mäenpää,fi FIN,GK,1,1,0,0,90,1.0,0,0,/en/players/14a96e1c/Niki-Maenpaa,14a96e1c,Niki-M
Kazenga LuaLua,cd COD,"FW,MF",3,0,0,0,46,0.5,0,0,/en/players/d732d28a/Kazenga-LuaLua,d732d28a,Kazenga-LuaLu
Elvis Manu,nl NED,"FW,MF",2,0,0,0,30,0.3,1,0,/en/players/62d0dcc5/Elvis-Manu,62d0dcc5,Elvis-Manu
Rob Hunt,eng ENG,DF,1,0,0,0,18,0.2,0,0,/en/players/0d4e5b6f/Rob-Hunt,0d4e5b6f,Rob-Hunt
Richie Towell,ie IRL,MF,1,0,0,0,7,0.1,0,0,/en/players/7a73917e/Richie-Towell,7a73917e,Richie-Tow
Casper Ankergren,dk DEN,GK,0,0,,,,,,,/en/players/328953a1/Casper-Ankergren,328953a1,Casper-Ankerg
Vegard Forren,no NOR,DF,0,0,,,,,,,/en/players/d75eebda/Vegard-Forren,d75eebda,Vegard-Fo
Rohan Ince,ms MSR,"DF,MF",0,0,,,,,,,/en/players/a74f8572/Rohan-Ince,74f8572,Rohan-Inc
Christian Walton,eng ENG,GK,0,0,,,,,,,/en/players/c666574f/Christian-Walton,c666574f,Christian-Walto
Ben White,eng ENG,DF,0,0,,,,,,,/en/players/35e413f1/Ben-White,35e413f1,Ben-Whit
﻿2017-2018,Brighton-and-Hove-Albion
Player,Nationality,Position,Game,Games Starts,Assists,Goals,Minutes,Minutes 90s,Yellow Card,Red Card,Link,Player_id,Player_name
﻿Lewis Dunk,eng ENG,DF,38,38,1,1,"3,420",38.0,7,0,/en/players/282f75f3/Lewis-Dunk,282f75f3,Lewis-Dunk
Mathew Ryan,au AUS,GK,38,38,0,0,"3,420",38.0,0,0,/en/players/4535e4bb/Mathew-Ryan,4535e4bb,Mathew-R
Shane Duffy,ie IRL,DF,37,37,1,0,"3,292",36.6,8,0,/en/players/7314bba4/Shane-Duffy,7314bba4,Shane-Duff
Dale Stephens,eng ENG,MF,36,36,3,0,"3,240",36.0,6,0,/en/players/653ee42d/Dale-Stephens,653ee42d,Dale-Steph
Davy Pröpper,nl NED,MF,35,35,4,0,"3,119",34.7,2,1,/en/players/fdd85f94/Davy-Propper,fdd85f94,Davy-Pro
Pascal Groß,de GER,"FW,MF",38,35,8,7,"2,928",32.5,2,0,/en/players/8aec0537/Pascal-Gross,8aec0537,Pascal-Gro
Anthony Knockaert,fr FRA,"MF,FW",33,27,1,3,"2,421",26.9,4,1,/en/players/6c679c6d/Anthony-Knockaert,6c679c6d,Anthony-Knockaert
Gaëtan Bong,cm CMR,DF,25,25,0,0,"2,236",24.8,2,0,/en/players/cfd5e123/Gaetan-Bong,cfd5e123,Gaetan-Bong
Glenn Murray,eng ENG,FW,35,25,0,12,"2,192",24.4,9,0,/en/players/f2f29dda/Glenn-Murray,f2f29dda,Glenn-Mu
Bruno,es ESP,DF,25,23,0,0,"2,016",22.4,3,0,/en/players/78803d03/Bruno,78803d03,Bruno
José Izquierdo,co COL,"MF,FW",32,23,3,5,"1,984",22.0,2,0,/en/players/ca2bc3df/Jose-Izquierdo,ca2bc3df,Jose-Izquierdo
Solly March,eng ENG,"MF,FW",36,18,1,1,"1,851",20.6,3,0,/en/players/bb5fbd2b/Solly-March,bb5fbd2b,Solly-March
Ezequiel Schelotto,it ITA,DF,20,15,0,0,"1,318",14.6,3,0,/en/players/a6e316c1/Ezequiel-Schelotto,6e316c1,Ezequiel-Schelotto
Markus Suttner,at AUT,DF,14,13,0,0,"1,179",13.1,0,0,/en/players/7391c2d9/Markus-Suttner,7391c2d9,Markus-Sutt
Tomer Hemed,il ISR,FW,16,9,2,2,849,9.4,0,0,/en/players/27d7453c/Tomer-Hemed,27d7453c,Tomer-Hemed
Beram Kayal,il ISR,MF,19,8,0,0,745,8.3,2,0,/en/players/26679cdf/Beram-Kayal,26679cdf,Beram-K
Izzy Brown,eng ENG,"MF,FW",13,4,0,0,311,3.5,0,0,/en/players/bf54c8cc/Izzy-Brown,bf54c8cc,Izzy-Brow
Jürgen Locadia,nl NED,"FW,MF",6,3,1,1,224,2.5,0,0,/en/players/6cc47ae1/Jurgen-Locadia,6cc47ae1,Jurgen-Locadi
Leonardo Ulloa,ar ARG,FW,10,2,0,1,267,3.0,0,0,/en/players/eed56f6c/Leonardo-Ulloa,d56f6c,Leonardo-Ullo
Connor Goldson,eng ENG,DF,3,2,0,0,200,2.2,1,0,/en/players/56f6f826/Connor-Goldson,56f6f826,Connor-Goldso
Jamie Murphy,sct SCO,MF,4,1,0,0,168,1.9,0,0,/en/players/6c96b263/Jamie-Murphy,6c96b263,Jamie-Murph
Liam Rosenior,eng ENG,DF,3,1,0,0,164,1.8,0,0,/en/players/8b0d6fe9/Liam-Rosenior,8b0d6fe9,Liam-Rosenio
Sam Baldock,eng ENG,FW,2,0,0,0,32,0.4,0,0,/en/players/9d597f08/Sam-Baldock,9d597f08,Sam-Baldock
Uwe Hünemeier,de GER,DF,1,0,0,0,18,0.2,0,0,/en/players/f42456eb/Uwe-Hunemeier,f42456eb,Uwe-Hunemei
Tim Krul,nl NED,GK,0,0,,,,,,,/en/players/f23f9d20/Tim-Krul,f23f9d20,Tim-Kru
Niki Mäenpää,fi FIN,GK,0,0,,,,,,,/en/players/14a96e1c/Niki-Maenpaa,14a96e1c,Niki-M
Jayson Molumby,ie IRL,MF,0,0,,,,,,,/en/players/c908a1bc/Jayson-Molumby,c908a1bc,Jayson-Molumb
Steve Sidwell,eng ENG,MF,0,0,,,,,,,/en/players/ed083afd/Steve-Sidwell,d083afd,Steve-Sidw
Jiří Skalák,cz CZE,"FW,MF",0,0,,,,,,,/en/players/beaec218/Jiri-Skalak,beaec218,Jiri-Skalak
﻿2018-2019,Brighton-and-Hove-Albion
Player,Nationality,Position,Game,Games Starts,Assists,Goals,Minutes,Minutes 90s,Yellow Card,Red Card,Link,Player_id,Player_name
﻿Lewis Dunk,eng ENG,DF,36,36,1,2,"3,151",35.0,6,1,/en/players/282f75f3/Lewis-Dunk,282f75f3,Lewis-Dunk
Shane Duffy,ie IRL,DF,35,35,1,5,"3,087",34.3,4,1,/en/players/7314bba4/Shane-Duffy,7314bba4,Shane-Duff
Mathew Ryan,au AUS,GK,34,34,0,0,"3,060",34.0,2,0,/en/players/4535e4bb/Mathew-Ryan,4535e4bb,Mathew-R
Davy Pröpper,nl NED,MF,30,30,1,1,"2,546",28.3,2,0,/en/players/fdd85f94/Davy-Propper,fdd85f94,Davy-Pro
Glenn Murray,eng ENG,FW,38,30,1,13,"2,508",27.9,5,0,/en/players/f2f29dda/Glenn-Murray,f2f29dda,Glenn-Mu
Solly March,eng ENG,"FW,MF",35,30,5,1,"2,463",27.4,1,0,/en/players/bb5fbd2b/Solly-March,bb5fbd2b,Solly-March
Dale Stephens,eng ENG,MF,30,29,1,1,"2,485",27.6,6,1,/en/players/653ee42d/Dale-Stephens,653ee42d,Dale-Steph
Martín Montoya,es ESP,DF,25,24,1,0,"2,167",24.1,4,0,/en/players/5cec2487/Martin-Montoya,5cec2487,Martin-Monto
Pascal Groß,de GER,"MF,FW",25,24,3,3,"1,864",20.7,1,0,/en/players/8aec0537/Pascal-Gross,8aec0537,Pascal-Gro
Gaëtan Bong,cm CMR,DF,22,19,0,0,"1,808",20.1,0,0,/en/players/cfd5e123/Gaetan-Bong,cfd5e123,Gaetan-Bong
Bernardo,br BRA,DF,22,19,1,0,"1,752",19.5,4,0,/en/players/17370b95/Bernardo,17370b95,Bernardo
Anthony Knockaert,fr FRA,"MF,FW",30,18,6,2,"1,837",20.4,4,1,/en/players/6c679c6d/Anthony-Knockaert,6c679c6d,Anthony-Knockaert
Yves Bissouma,ml MLI,MF,28,17,0,0,"1,774",19.7,5,0,/en/players/6c203af0/Yves-Bissouma,6c203af0,Yves-Bissoum
Bruno,es ESP,DF,14,14,1,0,"1,131",12.6,2,0,/en/players/78803d03/Bruno,78803d03,Bruno
Jürgen Locadia,nl NED,"FW,MF",26,12,0,2,"1,236",13.7,1,0,/en/players/6cc47ae1/Jurgen-Locadia,6cc47ae1,Jurgen-Locadi
Alireza Jahanbakhsh,ir IRN,"MF,FW",19,12,0,0,"1,020",11.3,2,0,/en/players/08452314/Alireza-Jahanbakhsh,08452314,Alireza-Jahanbakhsh
Beram Kayal,il ISR,MF,18,9,1,1,940,10.4,4,0,/en/players/26679cdf/Beram-Kayal,26679cdf,Beram-K
José Izquierdo,co COL,"MF,FW",15,9,1,0,795,8.8,1,0,/en/players/ca2bc3df/Jose-Izquierdo,ca2bc3df,Jose-Izquierdo
Florin Andone,ro ROU,FW,23,8,0,3,881,9.8,5,0,/en/players/dc008610/Florin-Andone,dc008610,Florin-Ando
Leon Balogun,ng NGA,DF,8,5,0,1,594,6.6,2,0,/en/players/78e68b4d/Leon-Balogun,78e68b4d,Leon-Balogu
David Button,eng ENG,GK,4,4,0,0,360,4.0,0,0,/en/players/e608ed4c/David-Button,608ed4c,David-Butto
Dan Burn,eng ENG,DF,0,0,,,,,,,/en/players/b2d31e83/Dan-Burn,b2d31e83,Dan-Bu
Viktor Gyökeres,se SWE,"FW,MF",0,0,,,,,,,/en/players/4d5a9185/Viktor-Gyokeres,4d5a9185,Viktor-Gyok
Jayson Molumby,ie IRL,MF,0,0,,,,,,,/en/players/c908a1bc/Jayson-Molumby,c908a1bc,Jayson-Molumb
Max Sanders,eng ENG,MF,0,0,,,,,,,/en/players/4871d0e8/Max-Sanders,4871d0e8,Max-Sand
Jason Steele,eng ENG,GK,0,0,,,,,,,/en/players/28300a16/Jason-Steele,28300a16,Jason-St
Markus Suttner,at AUT,"DF,GK",0,0,,,,,,,/en/players/7391c2d9/Markus-Suttner,7391c2d9,Markus-Sutt
Ben White,eng ENG,DF,0,0,,,,,,,/en/players/35e413f1/Ben-White,35e413f1,Ben-Whit
﻿2019-2020,Brighton-and-Hove-Albion
Player,Nationality,Position,Game,Games Starts,Assists,Goals,Minutes,Minutes 90s,Yellow Card,Red Card,Link,Player_id,Player_name
﻿Mathew Ryan,au AUS,GK,38,38,0,0,"3,420",38.0,0,0,/en/players/4535e4bb/Mathew-Ryan,4535e4bb,Mathew-R
Lewis Dunk,eng ENG,DF,36,36,3,3,"3,230",35.9,9,0,/en/players/282f75f3/Lewis-Dunk,282f75f3,Lewis-Dunk
Dan Burn,eng ENG,DF,34,33,0,0,"2,880",32.0,5,0,/en/players/b2d31e83/Dan-Burn,b2d31e83,Dan-Bu
Davy Pröpper,nl NED,MF,35,32,2,1,"2,829",31.4,4,0,/en/players/fdd85f94/Davy-Propper,fdd85f94,Davy-Pro
Adam Webster,eng ENG,DF,31,31,1,3,"2,668",29.6,4,0,/en/players/c40b6180/Adam-Webster,c40b6180,Adam-Webst
Neal Maupay,fr FRA,FW,37,30,3,10,"2,766",30.7,3,0,/en/players/4bcf39f6/Neal-Maupay,4bcf39f6,Neal-Mau
Dale Stephens,eng ENG,MF,33,28,1,0,"2,530",28.1,8,0,/en/players/653ee42d/Dale-Stephens,653ee42d,Dale-Steph
Aaron Mooy,au AUS,MF,31,25,2,2,"2,085",23.2,3,1,/en/players/47b7e3af/Aaron-Mooy,47b7e3af,Aaron-Moo
Martín Montoya,es ESP,"DF,MF",27,23,1,0,"1,896",21.1,5,0,/en/players/5cec2487/Martin-Montoya,5cec2487,Martin-Monto
Leandro Trossard,be BEL,"MF,FW",31,22,3,5,"2,011",22.3,0,0,/en/players/38ceb24a/Leandro-Trossard,38ceb24a,Leandro-Trossard
Pascal Groß,de GER,"MF,FW",29,22,4,2,"1,796",20.0,4,0,/en/players/8aec0537/Pascal-Gross,8aec0537,Pascal-Gro
Yves Bissouma,ml MLI,MF,22,15,0,1,"1,259",14.0,4,0,/en/players/6c203af0/Yves-Bissouma,6c203af0,Yves-Bissoum
Aaron Connolly,ie IRL,FW,24,14,1,3,"1,258",14.0,0,0,/en/players/27c01749/Aaron-Connolly,27c01749,Aaron-Conno
Shane Duffy,ie IRL,DF,19,12,0,1,"1,238",13.8,2,0,/en/players/7314bba4/Shane-Duffy,7314bba4,Shane-Duff
Steven Alzate,co COL,"MF,DF",19,12,0,0,"1,188",13.2,1,0,/en/players/ad1f61f3/Steven-Alzate,d1f61f3,Steven-Alzat
Solly March,eng ENG,"MF,DF",19,11,1,0,"1,143",12.7,2,0,/en/players/bb5fbd2b/Solly-March,bb5fbd2b,Solly-March
Glenn Murray,eng ENG,FW,23,7,1,1,797,8.9,0,0,/en/players/f2f29dda/Glenn-Murray,f2f29dda,Glenn-Mu
Bernardo,br BRA,"DF,MF",14,7,0,0,679,7.5,1,0,/en/players/17370b95/Bernardo,17370b95,Bernardo
Tariq Lamptey,gh GHA,DF,8,7,1,0,588,6.5,2,0,/en/players/f4e433d4/Tariq-Lamptey,f4e433d4,Tariq-Lampt
Ezequiel Schelotto,it ITA,DF,8,4,0,0,361,4.0,2,0,/en/players/a6e316c1/Ezequiel-Schelotto,6e316c1,Ezequiel-Schelotto
Alexis Mac Allister,ar ARG,"MF,FW",9,4,0,0,352,3.9,0,0,/en/players/83d074ff/Alexis-Mac-Allister,83d074ff,Alexis-Mac-Allist
Alireza Jahanbakhsh,ir IRN,"MF,FW",10,3,0,2,311,3.5,0,0,/en/players/08452314/Alireza-Jahanbakhsh,08452314,Alireza-Jahanbakhsh
Jürgen Locadia,nl NED,"FW,MF",2,1,0,0,86,1.0,0,0,/en/players/6cc47ae1/Jurgen-Locadia,6cc47ae1,Jurgen-Locadi
Florin Andone,ro ROU,FW,3,1,0,1,73,0.8,0,1,/en/players/dc008610/Florin-Andone,dc008610,Florin-Ando
Gaëtan Bong,cm CMR,"DF,MF",4,0,0,0,59,0.7,0,0,/en/players/cfd5e123/Gaetan-Bong,cfd5e123,Gaetan-Bong
Leon Balogun,ng NGA,DF,0,0,,,,,,,/en/players/78e68b4d/Leon-Balogun,78e68b4d,Leon-Balogu
Tudor Băluță,ro ROU,"DF,MF",0,0,,,,,,,/en/players/ed33f42d/Tudor-Baluta,d33f42d,Tudor-Balut
David Button,eng ENG,GK,0,0,,,,,,,/en/players/e608ed4c/David-Button,608ed4c,David-Butto
Alex Cochrane,eng ENG,"DF,MF",0,0,,,,,,,/en/players/8a08585e/Alex-Cochrane,8a08585e,Alex-Coch
﻿2020-2021,Brighton-and-Hove-Albion
Player,Nationality,Position,Game,Games Starts,Assists,Goals,Minutes,Minutes 90s,Yellow Card,Red Card,Link,Player_id,Player_name
﻿Ben White,eng ENG,"DF,MF",36,36,0,0,"3,191",35.5,5,1,/en/players/35e413f1/Ben-White,35e413f1,Ben-Whit
Yves Bissouma,ml MLI,MF,36,35,0,1,"3,111",34.6,8,1,/en/players/6c203af0/Yves-Bissouma,6c203af0,Yves-Bissoum
Lewis Dunk,eng ENG,DF,33,33,0,5,"2,931",32.6,5,2,/en/players/282f75f3/Lewis-Dunk,282f75f3,Lewis-Dunk
Leandro Trossard,be BEL,"MF,FW",35,30,5,5,"2,607",29.0,2,0,/en/players/38ceb24a/Leandro-Trossard,38ceb24a,Leandro-Trossard
Adam Webster,eng ENG,DF,29,29,0,1,"2,594",28.8,4,0,/en/players/c40b6180/Adam-Webster,c40b6180,Adam-Webst
Neal Maupay,fr FRA,"FW,MF",33,29,2,8,"2,512",27.9,1,1,/en/players/4bcf39f6/Neal-Maupay,4bcf39f6,Neal-Mau
Pascal Groß,de GER,"MF,DF",34,27,8,3,"2,484",27.6,3,0,/en/players/8aec0537/Pascal-Gross,8aec0537,Pascal-Gro
Robert Sánchez,es ESP,GK,27,27,0,0,"2,430",27.0,2,0,/en/players/6a713852/Robert-Sanchez,6a713852,Robert-Sanchez
Joël Veltman,nl NED,DF,28,25,1,1,"2,281",25.3,3,0,/en/players/dad4b285/Joel-Veltman,dad4b285,Joel-Veltm
Dan Burn,eng ENG,DF,27,23,0,1,"2,061",22.9,5,0,/en/players/b2d31e83/Dan-Burn,b2d31e83,Dan-Bu
Solly March,eng ENG,"DF,MF",21,19,1,2,"1,672",18.6,0,0,/en/players/bb5fbd2b/Solly-March,bb5fbd2b,Solly-March
Danny Welbeck,eng ENG,FW,24,17,1,6,"1,545",17.2,0,0,/en/players/ce5143da/Danny-Welbeck,ce5143da,Danny-Welbeck
Adam Lallana,eng ENG,"MF,FW",30,16,1,1,"1,596",17.7,0,0,/en/players/99813635/Adam-Lallana,99813635,Adam-L
Alexis Mac Allister,ar ARG,"MF,FW",21,13,1,1,"1,115",12.4,1,0,/en/players/83d074ff/Alexis-Mac-Allister,83d074ff,Alexis-Mac-Allist
Mathew Ryan,au AUS,GK,11,11,0,0,990,11.0,1,0,/en/players/4535e4bb/Mathew-Ryan,4535e4bb,Mathew-R
Tariq Lamptey,gh GHA,"DF,MF",11,11,1,1,886,9.8,4,1,/en/players/f4e433d4/Tariq-Lamptey,f4e433d4,Tariq-Lampt
Steven Alzate,co COL,MF,15,10,0,1,896,10.0,2,0,/en/players/ad1f61f3/Steven-Alzate,d1f61f3,Steven-Alzat
Aaron Connolly,ie IRL,"FW,MF",17,9,1,2,791,8.8,0,0,/en/players/27c01749/Aaron-Connolly,27c01749,Aaron-Conno
Jakub Moder,pl POL,"DF,MF",12,7,0,0,647,7.2,0,0,/en/players/f230bc30/Jakub-Moder,f230bc30,Jakub-Mod
Alireza Jahanbakhsh,ir IRN,"FW,MF",21,6,1,0,528,5.9,3,0,/en/players/08452314/Alireza-Jahanbakhsh,08452314,Alireza-Jahanbakhsh
Davy Pröpper,nl NED,MF,7,2,0,0,213,2.4,0,0,/en/players/fdd85f94/Davy-Propper,fdd85f94,Davy-Pro
Bernardo,br BRA,"DF,MF",3,2,0,0,206,2.3,0,0,/en/players/17370b95/Bernardo,17370b95,Bernardo
Percy Tau,za RSA,FW,3,1,1,0,103,1.1,0,0,/en/players/4d0eb7d2/Percy-Tau,4d0eb7d2,Percy-Tau
Andi Zeqiri,ch SUI,"FW,DF",9,0,0,0,171,1.9,0,0,/en/players/d01231f0/Andi-Zeqiri,d01231f0,Andi-Zeqiri
José Izquierdo,co COL,DF,1,0,0,0,9,0.1,0,0,/en/players/ca2bc3df/Jose-Izquierdo,ca2bc3df,Jose-Izquierdo
Reda Khadra,de GER,MF,1,0,0,0,5,0.1,0,0,/en/players/88acf83f/Reda-Khadra,88acf83f,Reda-Khad
Jayson Molumby,ie IRL,MF,1,0,0,0,1,0.0,0,0,/en/players/c908a1bc/Jayson-Molumby,c908a1bc,Jayson-Molumb
Florin Andone,ro ROU,FW,0,0,,,,,,,/en/players/dc008610/Florin-Andone,dc008610,Florin-Ando
Moisés Caicedo,ec ECU,MF,0,0,,,,,,,/en/players/16264a81/Moises-Caicedo,16264a81,Moises-Caicedo
Teddy Jenks,eng ENG,MF,0,0,,,,,,,/en/players/a96ba40b/Teddy-Jenks,96ba40b,Teddy-Jenk
Michał Karbownik,pl POL,DF,0,0,,,,,,,/en/players/1b280c66/Michal-Karbownik,1b280c66,Michal-Karbownik
Thomas Mcgill,eng ENG,GK,0,0,,,,,,,/en/players/4eb2d015/Thomas-Mcgill,4eb2d015,Thomas-Mcgi
Max Sanders,eng ENG,MF,0,0,,,,,,,/en/players/4871d0e8/Max-Sanders,4871d0e8,Max-Sand
Jason Steele,eng ENG,GK,0,0,,,,,,,/en/players/28300a16/Jason-Steele,28300a16,Jason-St
Dale Stephens,eng ENG,MF,0,0,,,,,,,/en/players/653ee42d/Dale-Stephens,653ee42d,Dale-Steph
Christian Walton,eng ENG,GK,0,0,,,,,,,/en/players/c666574f/Christian-Walton,c666574f,Christian-Walto
Jensen Weir,sct SCO,MF,0,0,,,,,,,/en/players/2ae8e967/Jensen-Weir,2ae8e967,Jensen-Wei
﻿2021-2022,Brighton-and-Hove-Albion
Player,Nationality,Position,Game,Games Starts,Assists,Goals,Minutes,Minutes 90s,Yellow Card,Red Card,Link,Player_id,Player_name
﻿Robert Sánchez,es ESP,GK,37,37,0,0,"3,329",37.0,3,1,/en/players/6a713852/Robert-Sanchez,6a713852,Robert-Sanchez
Marc Cucurella,es ESP,DF,35,35,1,1,"3,089",34.3,6,0,/en/players/1daec722/Marc-Cucurella,1daec722,Marc-Cucu
Joël Veltman,nl NED,DF,34,33,1,1,"2,874",31.9,6,0,/en/players/dad4b285/Joel-Veltman,dad4b285,Joel-Veltm
Leandro Trossard,be BEL,"FW,MF",34,32,3,8,"2,805",31.2,2,0,/en/players/38ceb24a/Leandro-Trossard,38ceb24a,Leandro-Trossard
Lewis Dunk,eng ENG,DF,29,29,0,1,"2,573",28.6,3,1,/en/players/282f75f3/Lewis-Dunk,282f75f3,Lewis-Dunk
Neal Maupay,fr FRA,FW,32,25,2,8,"2,276",25.3,7,0,/en/players/4bcf39f6/Neal-Maupay,4bcf39f6,Neal-Mau
Yves Bissouma,ml MLI,MF,26,25,2,1,"2,111",23.5,10,0,/en/players/6c203af0/Yves-Bissouma,6c203af0,Yves-Bissoum
Pascal Groß,de GER,"MF,DF",29,24,4,2,"2,038",22.6,1,0,/en/players/8aec0537/Pascal-Gross,8aec0537,Pascal-Gro
Alexis Mac Allister,ar ARG,MF,33,22,2,5,"2,123",23.6,4,0,/en/players/83d074ff/Alexis-Mac-Allister,83d074ff,Alexis-Mac-Allist
Jakub Moder,pl POL,MF,28,19,3,0,"1,701",18.9,1,0,/en/players/f230bc30/Jakub-Moder,f230bc30,Jakub-Mod
Adam Lallana,eng ENG,MF,24,18,1,0,"1,561",17.3,4,0,/en/players/99813635/Adam-Lallana,99813635,Adam-L
Solly March,eng ENG,"DF,MF",31,17,2,0,"1,746",19.4,1,0,/en/players/bb5fbd2b/Solly-March,bb5fbd2b,Solly-March
Tariq Lamptey,gh GHA,"DF,MF",30,16,2,0,"1,561",17.3,4,0,/en/players/f4e433d4/Tariq-Lamptey,f4e433d4,Tariq-Lampt
Adam Webster,eng ENG,DF,22,16,0,2,"1,434",15.9,5,0,/en/players/c40b6180/Adam-Webster,c40b6180,Adam-Webst
Danny Welbeck,eng ENG,"FW,MF",25,15,2,6,"1,478",16.4,0,0,/en/players/ce5143da/Danny-Welbeck,ce5143da,Danny-Welbeck
Shane Duffy,ie IRL,DF,18,15,0,1,"1,436",16.0,7,0,/en/players/7314bba4/Shane-Duffy,7314bba4,Shane-Duff
Dan Burn,eng ENG,DF,13,12,0,1,"1,022",11.4,4,0,/en/players/b2d31e83/Dan-Burn,b2d31e83,Dan-Bu
Enock Mwepu,zm ZAM,MF,18,12,4,2,996,11.1,2,0,/en/players/1d5cab82/Enock-Mwepu,1d5cab82,Enock-Mwepu
Moisés Caicedo,ec ECU,MF,8,8,1,1,660,7.3,2,0,/en/players/16264a81/Moises-Caicedo,16264a81,Moises-Caicedo
Steven Alzate,co COL,MF,9,5,0,0,404,4.5,0,0,/en/players/ad1f61f3/Steven-Alzate,d1f61f3,Steven-Alzat
Aaron Connolly,ie IRL,"FW,MF",4,1,0,0,156,1.7,0,0,/en/players/27c01749/Aaron-Connolly,27c01749,Aaron-Conno
Jason Steele,eng ENG,GK,1,1,0,0,90,1.0,0,0,/en/players/28300a16/Jason-Steele,28300a16,Jason-St
Jeremy Sarmiento,ec ECU,"MF,FW",5,1,0,0,48,0.5,0,0,/en/players/ac0d576d/Jeremy-Sarmiento,c0d576d,Jeremy-Sarmiento
Taylor Richards,eng ENG,MF,2,0,0,0,25,0.3,0,0,/en/players/e0243d23/Taylor-Richards,0243d23,Taylor-Richard
Evan Ferguson,ie IRL,MF,1,0,0,0,23,0.3,0,0,/en/players/4596da74/Evan-Ferguson,4596da74,Evan-Ferguso
Jürgen Locadia,nl NED,"MF,FW",1,0,0,0,23,0.3,0,0,/en/players/6cc47ae1/Jurgen-Locadia,6cc47ae1,Jurgen-Locadi
Florin Andone,ro ROU,FW,0,0,,,,,,,/en/players/dc008610/Florin-Andone,dc008610,Florin-Ando
Michał Karbownik,pl POL,DF,0,0,,,,,,,/en/players/1b280c66/Michal-Karbownik,1b280c66,Michal-Karbownik
Marc Leonard,sct SCO,MF,0,0,,,,,,,/en/players/bd8afa3d/Marc-Leonard,bd8afa3d,Marc-Leonard
Thomas Mcgill,eng ENG,GK,0,0,,,,,,,/en/players/4eb2d015/Thomas-Mcgill,4eb2d015,Thomas-Mcgi
Odeluga Offiah,eng ENG,DF,0,0,,,,,,,/en/players/65c3efa2/Odeluga-Offiah,65c3efa2,Odeluga-Offiah
Haydon Roberts,eng ENG,DF,0,0,,,,,,,/en/players/a731e8a0/Haydon-Roberts,731e8a0,Haydon-Robert
Kjell Scherpen,nl NED,GK,0,0,,,,,,,/en/players/f0e4c69e/Kjell-Scherpen,f0e4c69e,Kjell-Sch
Ed Turns,wls WAL,DF,0,0,,,,,,,/en/players/9bbef03e/Ed-Turns,9bbef03e,Ed-Tu
Andi Zeqiri,ch SUI,FW,0,0,,,,,,,/en/players/d01231f0/Andi-Zeqiri,d01231f0,Andi-Zeqiri
