2014-2015,Bolton-Wanderers
Player,Nationality,Position,Game,Games Starts,Assists,Goals,Minutes,Minutes 90s,Yellow Card,Red Card,Link,Player_id,Player_name
﻿Tim Ream,us USA,DF,44,42,3,0,"3,745",41.6,4,0,/en/players/28b40c9c/Tim-Ream,28b40c9c,Tim-Ream
Matt Mills,eng ENG,DF,37,37,2,4,"3,248",36.1,7,1,/en/players/593f52b7/Matt-Mills,593f52b7,Matt-Mi
Neil Danns,gy GUY,MF,41,36,2,1,"3,128",34.8,10,0,/en/players/8081f166/Neil-Danns,8081f166,Neil-D
Liam Feeney,eng ENG,"FW,MF",41,35,5,3,"3,145",34.9,3,0,/en/players/ff4d77df/Liam-Feeney,ff4d77df,Liam-F
Dorian Dervite,fr FRA,DF,37,34,0,0,"3,197",35.5,6,1,/en/players/704e97d0/Dorian-Dervite,704e97d0,Dorian-Dervit
Andy Lonergan,ie IRL,GK,29,28,0,0,"2,544",28.3,0,0,/en/players/165cf989/Andy-Lonergan,165cf989,Andy-Lonerg
Josh Vela,eng ENG,"DF,MF",29,25,2,0,"2,365",26.3,4,0,/en/players/dede4a42/Josh-Vela,dede4a42,Josh-V
Lee Chung-yong,kr KOR,"FW,MF",23,22,3,3,"1,987",22.1,5,0,/en/players/49b05a83/Lee-Chung-yong,49b05a83,Lee-Chung-yong
Darren Pratley,eng ENG,"DF,MF",22,19,1,4,"1,526",17.0,5,0,/en/players/bfc3bf1b/Darren-Pratley,bfc3bf1b,Darren-Prat
Craig Davies,wls WAL,FW,27,17,1,6,"1,543",17.1,2,0,/en/players/8601380a/Craig-Davies,8601380a,Craig-Davi
Adam le Fondre,eng ENG,FW,17,16,1,8,"1,413",15.7,2,0,/en/players/f3a77fec/Adam-le-Fondre,f3a77fec,Adam-le-Fond
Jay Spearing,eng ENG,MF,21,15,5,1,"1,459",16.2,4,0,/en/players/f26579f5/Jay-Spearing,f26579f5,Jay-Spearing
Barry Bannan,sct SCO,MF,16,15,3,0,"1,372",15.2,2,0,/en/players/9469fb13/Barry-Bannan,9469fb13,Barry-B
Dean Moxey,eng ENG,"DF,MF",20,14,0,1,"1,327",14.7,4,0,/en/players/8616e501/Dean-Moxey,8616e501,Dean-Mox
David Wheater,eng ENG,DF,17,13,0,1,"1,009",11.2,1,0,/en/players/2ad3ea29/David-Wheater,2ad3ea29,David-Wheat
Eiður Guðjohnsen,is ISL,"FW,MF",21,12,2,5,"1,065",11.8,1,0,/en/players/32fc9ff2/Eidur-Gudjohnsen,32fc9ff2,Eidur-Gudjoh
Emile Heskey,eng ENG,FW,16,11,4,1,"1,141",12.7,3,0,/en/players/30184789/Emile-Heskey,30184789,Emile-Hesk
Ádám Bogdán,hu HUN,GK,10,10,0,0,850,9.4,0,0,/en/players/56f99ec7/Adam-Bogdan,56f99ec7,Adam-Bogd
Joe Mason,ie IRL,FW,12,9,0,4,852,9.5,0,0,/en/players/9d998751/Joe-Mason,9d998751,Joe-Maso
Mark Davies,eng ENG,MF,15,9,1,2,834,9.3,5,0,/en/players/3de91e73/Mark-Davies,3de91e73,Mark-Davi
Tom Walker,eng ENG,"FW,MF",11,9,1,1,749,8.3,2,0,/en/players/ded09219/Tom-Walker,ded09219,Tom-Walk
Ben Amos,eng ENG,GK,9,8,0,0,746,8.3,0,0,/en/players/f6799cd2/Ben-Amos,f6799cd2,Ben-Amo
Kevin McNaughton,sct SCO,DF,9,8,0,0,666,7.4,0,0,/en/players/40a814af/Kevin-McNaughton,40a814af,Kevin-McNaughto
Liam Trotter,eng ENG,MF,14,7,1,1,729,8.1,2,0,/en/players/4fc42ec2/Liam-Trotter,4fc42ec2,Liam-Trott
Zach Clough,eng ENG,"FW,MF",8,6,0,5,507,5.6,0,0,/en/players/406831ff/Zach-Clough,406831ff,Zach-Clough
Saidy Janko,gm GAM,"DF,MF",10,6,1,1,502,5.6,2,0,/en/players/689c9cf4/Saidy-Janko,689c9cf4,Saidy-Janko
Jermaine Beckford,jm JAM,FW,13,5,1,0,574,6.4,1,0,/en/players/393303c7/Jermaine-Beckford,393303c7,Jermaine-Beckford
Max Clayton,eng ENG,FW,9,5,1,1,454,5.0,0,0,/en/players/f30a0031/Max-Clayton,f30a0031,Max-Clayto
Paddy McCarthy,ie IRL,DF,5,5,0,0,450,5.0,1,0,/en/players/74a9a389/Paddy-McCarthy,74a9a389,Paddy-McCarth
Mohamed Kamara,sl SLE,MF,5,4,0,0,312,3.5,0,0,/en/players/7bd21ff7/Mohamed-Kamara,7bd21ff7,Mohamed-Kam
Rochinha,pt POR,"FW,MF",4,4,0,0,244,2.7,0,0,/en/players/c738a5ec/Rochinha,c738a5ec,Rochinh
Giles Coke,eng ENG,MF,4,3,0,0,291,3.2,0,0,/en/players/cb2a1fd2/Giles-Coke,cb2a1fd2,Giles-Cok
Oscar Threlkeld,eng ENG,"DF,MF",4,3,0,0,287,3.2,1,0,/en/players/3dceb764/Oscar-Threlkeld,3dceb764,Oscar-Threlkeld
Owen Garvan,ie IRL,MF,3,3,0,0,186,2.1,0,0,/en/players/47b3b724/Owen-Garvan,47b3b724,Owen-Garv
Conor Wilkinson,ie IRL,"FW,MF",4,2,0,0,197,2.2,0,0,/en/players/c547c634/Conor-Wilkinson,c547c634,Conor-Wilkinso
Robert Hall,eng ENG,"FW,MF",9,2,0,0,183,2.0,0,0,/en/players/89602ebf/Robert-Hall,89602ebf,Robert-H
Hayden White,eng ENG,"DF,MF",3,2,0,0,181,2.0,0,0,/en/players/28dd441c/Hayden-White,28dd441c,Hayden-Whit
Chris Herd,au AUS,"DF,MF",2,2,0,0,180,2.0,2,0,/en/players/3d5db1eb/Chris-Herd,3d5db1eb,Chris-Herd
Filip Twardzik,cz CZE,MF,3,1,0,1,91,1.0,0,0,/en/players/c444070c/Filip-Twardzik,c444070c,Filip-Twardzik
Quade Taylor,eng ENG,DF,1,1,0,0,90,1.0,0,0,/en/players/dfaf05c2/Quade-Taylor,dfaf05c2,Quade-Taylo
Andy Kellett,eng ENG,"DF,MF",1,1,0,0,50,0.6,0,0,/en/players/cddead04/Andy-Kellett,cddead04,Andy-Kellett
Simeon Slavchev,bg BUL,MF,1,0,0,0,45,0.5,0,0,/en/players/023efc8b/Simeon-Slavchev,023efc8b,Simeon-Slavchev
Kaiyne Woolery,eng ENG,"FW,MF",1,0,0,0,12,0.1,0,0,/en/players/6bef94db/Kaiyne-Woolery,6bef94db,Kaiyne-Woo
Tom Eaves,eng ENG,FW,1,0,0,0,1,0.0,0,0,/en/players/377c465b/Tom-Eaves,377c465b,Tom-Eav
Ross Fitzsimons,eng ENG,GK,0,0,,,,,,,/en/players/fd3a5999/Ross-Fitzsimons,fd3a5999,Ross-Fitzsimo
Andrew Hughes,eng ENG,MF,0,0,,,,,,,/en/players/f63b342e/Andrew-Hughes,f63b342e,Andrew-Hugh
Paddy Kenny,ie IRL,GK,0,0,,,,,,,/en/players/b03eb26c/Paddy-Kenny,b03eb26c,Paddy-K
Sanmi Odelusi,eng ENG,FW,0,0,,,,,,,/en/players/dc6d59e0/Sanmi-Odelusi,dc6d59e0,Sanmi-Odelusi
